1,55
2,81
3,86
4,50
5,43
6,35
7,27
8,44
9,58
10,91
11,70
12,66
13,48
14,91
15,44
16,65
17,83
18,68
19,90
20,68
21,24
22,45
23,32
24,68
25,70
26,50
27,73
28,42
29,31
30,38
31,49
32,44
33,64
34,42
35,75
36,57
37,61
38,60
39,54
40,60
41,62
42,54
43,68
44,53
45,62
46,63
47,40
48,38
49,45
50,36
51,12
52,55
53,33
54,37
55,26
56,22
57,65
58,62
59,27
60,30
61,55
62,38
63,45
64,84
65,16
66,10
67,-5
68,17
69,47
70,60
71,2
72,82
73,38
74,32
75,17
76,27
77,46
78,70
79,2
80,17
81,35
82,43
83,68
84,68
85,28
86,50
87,69
88,52
89,26
90,55
91,37
92,38
93,60
94,27
95,48
96,37
97,75
98,46
99,22
100,29
101,26
102,12
103,-4
104,32
105,31
106,23
107,13
108,24
109,41
110,52
111,35
112,25
113,14
114,56
115,37
116,24
117,35
118,33
119,49
120,21
121,23
122,22
123,24
124,2
125,18
126,16
127,21
128,48
129,32
130,48
131,51
132,37
133,27
134,13
135,31
136,37
137,29
138,66
139,52
140,65
141,-9
142,25
143,44
144,3
145,26
146,26
147,53
148,68
149,40
150,50
151,22
152,8
153,53
154,43
155,32
156,2
157,37
158,43
159,34
160,28
161,45
162,32
163,6
164,40
165,20
166,7
167,36
168,27
169,17
170,20
171,55
172,40
173,55
174,-6
175,10
176,17
177,22
178,49
179,51
180,23
181,12
182,18
183,29
184,14
185,55
186,29
187,51
188,4
189,29
190,54
191,34
192,42
193,8
194,29
195,55
196,32
197,43
198,61
199,5
200,43
201,24
202,9
203,36
204,28
205,17
206,38
207,67
208,40
209,21
210,51
211,53
212,29
213,37
214,32
215,32
216,33
217,27
218,44
219,54
220,37
221,-10
222,66
223,20
224,51
225,47
226,35
227,23
228,29
229,74
230,44
231,42
232,14
233,20
234,26
235,29
236,12
237,55
238,54
239,12
240,34
241,44
242,30
243,40
244,16
245,24
246,23
247,42
248,35
249,24
250,18
251,37
252,32
253,37
254,30
255,29
256,32
257,12
258,33
259,24
260,1
261,23
262,52
263,5
264,20
265,55
266,52
267,45
268,33
269,42
270,23
271,18
272,28
273,28
274,28
275,61
276,32
277,26
278,44
279,20
280,6
281,28
282,3
283,20
284,26
285,26
286,14
287,22
288,34
289,21
290,10
291,21
292,31
293,23
294,24
295,40
296,50
297,37
298,31
299,13
300,55
301,-9
302,38
303,16
304,29
305,32
306,16
307,32
308,47
309,44
310,36
311,10
312,42
313,35
314,18
315,18
316,41
317,27
318,22
319,50
320,41
321,24
322,-2
323,63
324,57
325,55
326,32
327,44
328,34
329,33
330,29
331,26
332,36
333,42
334,20
335,18
336,30
337,21
338,16
339,45
340,20
341,62
342,32
343,2
344,22
345,18
346,28
347,26
348,62
349,56
350,32
351,32
352,54
353,21
354,35
355,34
356,46
357,44
358,1
359,10
360,-2
361,31
362,55
363,34
364,-2
365,48
366,24
367,36
368,24
369,33
370,14
371,21
372,8
373,12
374,36
375,24
376,15
377,18
378,47
379,58
380,26
381,2
382,45
383,18
384,-8
385,47
386,32
387,-9
388,69
389,22
390,-12
391,44
392,17
393,52
394,12
395,26
396,34
397,41
398,23
399,23
400,22
401,29
402,41
403,23
404,90
405,27
406,60
407,60
408,24
409,32
410,8
411,17
412,26
413,34
414,21
415,61
416,55
417,26
418,20
419,29
420,40
421,23
422,32
423,11
424,29
425,26
426,16
427,14
428,29
429,34
430,11
431,37
432,14
433,49
434,44
435,48
436,31
437,20
438,38
439,7
440,36
441,28
442,58
443,0
444,32
445,20
446,30
447,-6
448,36
449,81
450,65
451,25
452,5
453,36
454,36
455,65
456,15
457,29
458,34
459,9
460,38
461,14
462,11
463,26
464,9
465,14
466,6
467,41
468,-7
469,32
470,44
471,27
472,25
473,-4
474,32
475,8
476,4
477,47
478,2
479,-4
480,43
481,11
482,50
483,-10
484,46
485,24
486,48
487,29
488,33
489,10
490,14
491,25
492,44
493,42
494,20
495,42
496,21
497,26
498,-5
499,32
500,34
501,44
502,26
503,27
504,14
505,26
506,18
507,20
508,33
509,28
510,49
511,10
512,41
513,20
514,17
515,32
516,22
517,11
518,-11
519,27
520,29
521,2
522,-11
523,42
524,25
525,40
526,15
527,37
528,41
529,33
530,38
531,44
532,26
533,44
534,4
535,24
536,16
537,43
538,7
539,10
540,37
541,24
542,41
543,43
544,7
545,0
546,22
547,26
548,41
549,51
550,12
551,9
552,15
553,26
554,20
555,13
556,44
557,26
558,37
559,58
560,22
561,33
562,37
563,15
564,20
565,20
566,2
567,38
568,30
569,34
570,7
571,32
572,23
573,27
574,20
575,22
576,57
577,14
578,26
579,32
580,40
581,31
582,18
583,26
584,37
585,31
586,26
587,24
588,50
589,40
590,21
591,20
592,53
593,9
594,6
595,37
596,49
597,20
598,15
599,10
600,61
601,32
602,42
603,29
604,5
605,20
606,37
607,29
608,14
609,34
610,50
611,57
612,23
613,20
614,-10
615,45
616,44
617,14
618,26
619,8
620,40
621,21
622,14
623,37
624,6
625,56
626,8
627,35
628,13
629,31
630,50
631,20
632,35
633,32
634,32
635,8
636,42
637,14
638,17
639,34
640,34
641,44
642,25
643,5
644,23
645,7
646,62
647,50
648,41
649,-7
650,44
651,21
652,48
653,14
654,42
655,20
656,37
657,41
658,31
659,17
660,12
661,20
662,40
663,21
664,29
665,32
666,-3
667,32
668,44
669,14
670,28
671,10
672,32
673,8
674,-6
675,15
676,2
677,52
678,16
679,64
680,20
681,35
682,38
683,24
684,25
685,29
686,11
687,36
688,36
689,62
690,43
691,37
692,46
693,51
694,35
695,56
696,16
697,-8
698,26
699,62
700,37
701,48
702,-3
703,34
704,29
705,45
706,3
707,25
708,50
709,27
710,41
711,24
712,37
713,4
714,32
715,16
716,18
717,32
718,20
719,38
720,40
721,20
722,22
723,47
724,26
725,26
726,27
727,25
728,31
729,48
730,30
731,50
732,42
733,17
734,8
735,53
736,7
737,24
738,17
739,20
740,37
741,14
742,56
743,37
744,32
745,68
746,42
747,37
748,20
749,36
750,53
751,42
752,55
753,2
754,37
755,50
756,11
757,48
758,2
759,46
760,41
761,26
762,12
763,12
764,8
765,24
766,32
767,31
768,31
769,21
770,43
771,37
772,41
773,10
774,23
775,13
776,40
777,33
778,32
779,11
780,23
781,43
782,18
783,37
784,43
785,20
786,15
787,14
788,20
789,50
790,30
791,46
792,48
793,29
794,15
795,12
796,16
797,35
798,17
799,14
800,16
801,14
802,38
803,62
804,29
805,3
806,15
807,20
808,23
809,26
810,33
811,27
812,20
813,18
814,44
815,38
816,35
817,32
818,20
819,24
820,6
821,12
822,27
823,18
824,30
825,26
826,-12
827,12
828,44
829,26
830,42
831,43
832,55
833,24
834,23
835,26
836,48
837,34
838,44
839,34
840,32
841,-22
842,62
843,37
844,28
845,-5
846,26
847,20
848,44
849,-9
850,8
851,8
852,24
853,22
854,33
855,25
856,1
857,23
858,26
859,26
860,26
861,37
862,62
863,17
864,34
865,-7
866,24
867,40
868,14
869,27
870,-14
871,47
872,26
873,41
874,46
875,21
876,6
877,25
878,10
879,21
880,48
881,15
882,31
883,9
884,22
885,44
886,13
887,8
888,8
889,21
890,40
891,14
892,28
893,13
894,26
895,21
896,60
897,22
898,24
899,35
900,47
901,26
902,5
903,29
904,33
905,34
906,23
907,47
908,24
909,8
910,32
911,36
912,45
913,26
914,25
915,32
916,47
917,40
918,16
919,37
920,-16
921,37
922,25
923,14
924,32
925,1
926,32
927,40
928,31
929,29
930,46
931,41
932,37
933,-10
934,5
935,57
936,26
937,32
938,14
939,-4
940,48
941,22
942,7
943,27
944,6
945,44
946,29
947,23
948,18
949,40
950,18
951,41
952,34
953,-2
954,28
955,34
956,15
957,24
958,38
959,20
960,0
961,43
962,35
963,12
964,46
965,31
966,44
967,-6
968,32
969,12
970,18
971,51
972,32
973,53
974,56
975,15
976,24
977,12
978,32
979,16
980,26
981,40
982,18
983,44
984,26
985,43
986,26
987,26
988,20
989,32
990,54
991,32
992,76
993,23
994,10
995,15
996,43
997,31
998,36
999,26
1000,22
1001,18
1002,15
1003,45
1004,54
1005,27
1006,23
1007,49
1008,45
1009,2
1010,32
1011,14
1012,49
1013,34
1014,33
1015,37
1016,38
1017,2
1018,48
1019,40
1020,30
1021,45
1022,-8
1023,32
1024,54
1025,54
1026,47
1027,29
1028,32
1029,50
1030,46
1031,43
1032,14
1033,31
1034,12
1035,31
1036,34
1037,55
1038,55
1039,40
1040,51
1041,20
1042,32
1043,40
1044,6
1045,26
1046,57
1047,34
1048,15
1049,33
1050,10
1051,9
1052,33
1053,8
1054,53
1055,20
1056,50
1057,50
1058,32
1059,15
1060,17
1061,65
1062,45
1063,-4
1064,23
1065,30
1066,14
1067,32
1068,-9
1069,-5
1070,14
1071,18
1072,20
1073,61
1074,13
1075,20
1076,15
1077,23
1078,27
1079,26
1080,54
1081,32
1082,4
1083,70
1084,13
1085,49
1086,54
1087,24
1088,33
1089,2
1090,-14
1091,-4
1092,41
1093,29
1094,37
1095,22
1096,5
1097,26
1098,24
1099,2
1100,14
1101,21
1102,49
1103,21
1104,58
1105,-8
1106,55
1107,30
1108,23
1109,20
1110,7
1111,13
1112,40
1113,-10
1114,23
1115,28
1116,68
1117,35
1118,27
1119,17
1120,28
1121,49
1122,36
1123,17
1124,15
1125,30
1126,20
1127,37
1128,31
1129,50
1130,55
1131,37
1132,30
1133,36
1134,34
1135,55
1136,48
1137,18
1138,44
1139,36
1140,20
1141,36
1142,33
1143,24
1144,37
1145,-3
1146,8
1147,37
1148,64
1149,7
1150,32
1151,44
1152,4
1153,32
1154,48
1155,28
1156,8
1157,40
1158,58
1159,28
1160,0
1161,14
1162,26
1163,-4
1164,43
1165,31
1166,12
1167,44
1168,26
1169,6
1170,11
1171,-9
1172,27
1173,5
1174,45
1175,36
1176,20
1177,14
1178,22
1179,29
1180,18
1181,2
1182,21
1183,44
1184,7
1185,16
1186,52
1187,30
1188,37
1189,-14
1190,3
1191,28
1192,37
1193,32
1194,33
1195,28
1196,36
1197,41
1198,60
1199,29
1200,4
1201,41
1202,32
1203,30
1204,17
1205,21
1206,4
1207,35
1208,22
1209,61
1210,30
1211,33
1212,38
1213,34
1214,17
1215,44
1216,37
1217,35
1218,26
1219,15
1220,50
1221,49
1222,22
1223,28
1224,31
1225,1
1226,24
1227,26
1228,12
1229,67
1230,34
1231,36
1232,15
1233,51
1234,24
1235,21
1236,44
1237,37
1238,35
1239,26
1240,6
1241,18
1242,20
1243,38
1244,35
1245,44
1246,50
1247,13
1248,38
1249,56
1250,28
1251,33
1252,22
1253,24
1254,38
1255,45
1256,34
1257,12
1258,16
1259,-10
1260,40
1261,13
1262,14
1263,44
1264,49
1265,38
1266,42
1267,37
1268,3
1269,53
1270,54
1271,47
1272,32
1273,12
1274,49
1275,11
1276,28
1277,16
1278,-3
1279,11
1280,28
1281,30
1282,29
1283,30
1284,20
1285,52
1286,10
1287,28
1288,10
1289,33
1290,20
1291,14
1292,2
1293,14
1294,18
1295,35
1296,33
1297,32
1298,14
1299,40
1300,20
1301,24
1302,25
1303,48
1304,26
1305,17
1306,31
1307,34
1308,27
1309,30
1310,34
1311,2
1312,33
1313,27
1314,76
1315,14
1316,11
1317,20
1318,42
1319,25
1320,24
1321,42
1322,21
1323,11
1324,9
1325,37
1326,37
1327,13
1328,2
1329,36
1330,23
1331,23
1332,37
1333,37
1334,25
1335,37
1336,-4
1337,43
1338,28
1339,44
1340,36
1341,32
1342,7
1343,41
1344,30
1345,46
1346,29
1347,34
1348,23
1349,26
1350,16
1351,43
1352,27
1353,42
1354,30
1355,9
1356,20
1357,26
1358,44
1359,34
1360,25
1361,14
1362,40
1363,28
1364,41
1365,-16
1366,48
1367,56
1368,6
1369,41
1370,14
1371,49
1372,14
1373,37
1374,14
1375,28
1376,44
1377,46
1378,37
1379,17
1380,20
1381,15
1382,4
1383,18
1384,30
1385,23
1386,29
1387,26
1388,14
1389,46
1390,50
1391,6
1392,31
1393,35
1394,27
1395,7
1396,22
1397,52
1398,37
1399,14
1400,14
1401,35
1402,27
1403,46
1404,13
1405,36
1406,13
1407,0
1408,36
1409,15
1410,22
1411,10
1412,22
1413,2
1414,20
1415,31
1416,29
1417,28
1418,18
1419,26
1420,-15
1421,25
1422,32
1423,34
1424,51
1425,36
1426,55
1427,16
1428,55
1429,14
1430,13
1431,33
1432,20
1433,11
1434,31
1435,23
1436,28
1437,26
1438,28
1439,33
1440,26
1441,45
1442,49
1443,27
1444,44
1445,50
1446,38
1447,21
1448,11
1449,12
1450,17
1451,14
1452,11
1453,37
1454,15
1455,26
1456,33
1457,30
1458,29
1459,43
1460,2
1461,28
1462,45
1463,20
1464,20
1465,55
1466,20
1467,32
1468,34
1469,20
1470,9
1471,14
1472,32
1473,12
1474,46
1475,34
1476,58
1477,36
1478,44
1479,28
1480,-9
1481,14
1482,26
1483,37
1484,6
1485,30
1486,52
1487,15
1488,15
1489,55
1490,55
1491,40
1492,34
1493,14
1494,17
1495,42
1496,21
1497,23
1498,31
1499,2
1500,23
1501,17
1502,34
1503,46
1504,27
1505,32
1506,47
1507,16
1508,29
1509,-5
1510,40
1511,36
1512,13
1513,36
1514,49
1515,38
1516,37
1517,34
1518,18
1519,1
1520,-14
1521,2
1522,25
1523,48
1524,2
1525,18
1526,32
1527,-25
1528,49
1529,53
1530,57
1531,25
1532,48
1533,27
1534,33
1535,20
1536,50
1537,14
1538,26
1539,52
1540,41
1541,35
1542,20
1543,9
1544,55
1545,8
1546,38
1547,25
1548,86
1549,15
1550,25
1551,31
1552,21
1553,14
1554,42
1555,26
1556,26
1557,-3
1558,51
1559,24
1560,8
1561,26
1562,23
1563,64
1564,64
1565,32
1566,8
1567,47
1568,29
1569,4
1570,20
1571,14
1572,15
1573,20
1574,43
1575,5
1576,15
1577,40
1578,37
1579,52
1580,44
1581,18
1582,8
1583,20
1584,57
1585,26
1586,20
1587,31
1588,2
1589,21
1590,45
1591,4
1592,41
1593,17
1594,46
1595,33
1596,42
1597,29
1598,38
1599,43
1600,11
1601,32
1602,41
1603,62
1604,32
1605,11
1606,16
1607,20
1608,28
1609,48
1610,22
1611,34
1612,43
1613,60
1614,9
1615,14
1616,28
1617,22
1618,41
1619,37
1620,5
1621,37
1622,32
1623,31
1624,29
1625,51
1626,24
1627,23
1628,31
1629,-10
1630,49
1631,28
1632,15
1633,23
1634,29
1635,24
1636,47
1637,54
1638,53
1639,34
1640,56
1641,48
1642,17
1643,50
1644,53
1645,34
1646,26
1647,26
1648,29
1649,29
1650,32
1651,27
1652,26
1653,7
1654,12
1655,15
1656,4
1657,34
1658,25
1659,27
1660,17
1661,6
1662,36
1663,16
1664,37
1665,50
1666,29
1667,20
1668,15
1669,23
1670,40
1671,29
1672,24
1673,14
1674,21
1675,26
1676,49
1677,33
1678,21
1679,26
1680,75
1681,29
1682,57
1683,45
1684,12
1685,41
1686,12
1687,32
1688,-21
1689,20
1690,17
1691,41
1692,20
1693,44
1694,30
1695,52
1696,27
1697,26
1698,29
1699,33
1700,8
1701,55
1702,48
1703,26
1704,61
1705,44
1706,14
1707,49
1708,11
1709,55
1710,35
1711,8
1712,27
1713,26
1714,32
1715,60
1716,24
1717,1
1718,26
1719,22
1720,26
1721,16
1722,43
1723,32
1724,37
1725,45
1726,53
1727,47
1728,26
1729,30
1730,29
1731,4
1732,35
1733,30
1734,21
1735,26
1736,20
1737,42
1738,20
1739,20
1740,31
1741,62
1742,62
1743,47
1744,32
1745,46
1746,-5
1747,16
1748,20
1749,34
1750,-16
1751,34
1752,21
1753,67
1754,2
1755,11
1756,8
1757,11
1758,60
1759,36
1760,18
1761,18
1762,36
1763,34
1764,34
1765,16
1766,52
1767,29
1768,31
1769,53
1770,27
1771,15
1772,23
1773,37
1774,27
1775,29
1776,34
1777,28
1778,34
1779,14
1780,42
1781,10
1782,10
1783,34
1784,55
1785,44
1786,38
1787,14
1788,29
1789,11
1790,25
1791,-4
1792,25
1793,43
1794,10
1795,62
1796,14
1797,67
1798,46
1799,62
1800,8
1801,29
1802,26
1803,40
1804,30
1805,9
1806,22
1807,38
1808,24
1809,44
1810,7
1811,-4
1812,3
1813,50
1814,33
1815,36
1816,32
1817,28
1818,12
1819,14
1820,9
1821,33
1822,20
1823,30
1824,34
1825,28
1826,44
1827,3
1828,14
1829,14
1830,41
1831,65
1832,32
1833,10
1834,-5
1835,32
1836,22
1837,6
1838,31
1839,44
1840,20
1841,21
1842,26
1843,13
1844,44
1845,33
1846,31
1847,37
1848,26
1849,27
1850,24
1851,14
1852,42
1853,41
1854,35
1855,37
1856,60
1857,29
1858,16
1859,46
1860,36
1861,9
1862,9
1863,26
1864,25
1865,46
1866,17
1867,14
1868,20
1869,32
1870,-21
1871,28
1872,29
1873,50
1874,-5
1875,8
1876,36
1877,47
1878,28
1879,26
1880,56
1881,21
1882,11
1883,3
1884,24
1885,36
1886,14
1887,65
1888,35
1889,30
1890,23
1891,51
1892,9
1893,21
1894,27
1895,65
1896,69
1897,20
1898,20
1899,8
1900,32
1901,26
1902,26
1903,24
1904,23
1905,28
1906,53
1907,15
1908,45
1909,35
1910,21
1911,23
1912,51
1913,-3
1914,30
1915,6
1916,55
1917,48
1918,17
1919,41
1920,25
1921,-13
1922,22
1923,34
1924,22
1925,27
1926,16
1927,38
1928,20
1929,8
1930,26
1931,44
1932,20
1933,26
1934,52
1935,48
1936,37
1937,47
1938,21
1939,55
1940,22
1941,16
1942,29
1943,40
1944,26
1945,38
1946,35
1947,40
1948,46
1949,32
1950,15
1951,49
1952,26
1953,40
1954,33
1955,29
1956,32
1957,69
1958,36
1959,20
1960,38
1961,43
1962,28
1963,16
1964,16
1965,2
1966,9
1967,27
1968,-2
1969,32
1970,43
1971,37
1972,-13
1973,17
1974,48
1975,15
1976,27
1977,51
1978,20
1979,14
1980,42
1981,24
1982,28
1983,20
1984,38
1985,3
1986,13
1987,25
1988,31
1989,42
1990,23
1991,37
1992,22
1993,23
1994,67
1995,26
1996,-4
1997,29
1998,18
1999,25
2000,17
2001,44
2002,-6
2003,21
2004,29
2005,40
2006,72
2007,7
2008,32
2009,25
2010,30
2011,12
2012,56
2013,46
2014,55
2015,-9
2016,8
2017,46
2018,12
2019,37
2020,53
2021,47
2022,8
2023,0
2024,7
2025,23
2026,33
2027,43
2028,-7
2029,16
2030,38
2031,45
2032,21
2033,51
2034,54
2035,24
2036,0
2037,18
2038,25
2039,50
2040,14
2041,36
2042,27
2043,25
2044,1
2045,43
2046,14
2047,55
2048,27
2049,11
2050,18
2051,2
2052,-2
2053,46
2054,28
2055,47
2056,24
2057,47
2058,35
2059,8
2060,48
2061,56
2062,35
2063,23
2064,29
2065,49
2066,2
2067,2
2068,50
2069,26
2070,8
2071,27
2072,48
2073,7
2074,26
2075,-2
2076,22
2077,44
2078,45
2079,44
2080,37
2081,35
2082,15
2083,36
2084,21
2085,20
2086,-2
2087,38
2088,33
2089,33
2090,6
2091,31
2092,24
2093,23
2094,26
2095,58
2096,38
2097,8
2098,30
2099,-4
2100,80
2101,34
2102,34
2103,42
2104,6
2105,41
2106,11
2107,49
2108,13
2109,23
2110,37
2111,26
2112,18
2113,7
2114,33
2115,41
2116,31
2117,10
2118,-2
2119,3
2120,28
2121,20
2122,9
2123,27
2124,38
2125,15
2126,-14
2127,20
2128,46
2129,17
2130,2
2131,33
2132,29
2133,6
2134,43
2135,-2
2136,24
2137,41
2138,28
2139,13
2140,47
2141,1
2142,16
2143,32
2144,16
2145,25
2146,26
2147,64
2148,35
2149,35
2150,27
2151,27
2152,33
2153,10
2154,44
2155,44
2156,25
2157,20
2158,-3
2159,26
2160,36
2161,27
2162,44
2163,22
2164,2
2165,3
2166,42
2167,43
2168,29
2169,4
2170,29
2171,8
2172,6
2173,48
2174,48
2175,55
2176,32
2177,5
2178,20
2179,20
2180,17
2181,8
2182,26
2183,33
2184,36
2185,12
2186,25
2187,35
2188,47
2189,14
2190,35
2191,48
2192,28
2193,18
2194,26
2195,44
2196,37
2197,8
2198,50
2199,7
2200,29
2201,50
2202,53
2203,20
2204,6
2205,49
2206,-9
2207,44
2208,20
2209,29
2210,51
2211,42
2212,50
2213,-19
2214,62
2215,27
2216,30
2217,26
2218,6
2219,-6
2220,26
2221,29
2222,8
2223,51
2224,49
2225,20
2226,14
2227,30
2228,27
2229,34
2230,41
2231,50
2232,2
2233,-6
2234,77
2235,44
2236,27
2237,32
2238,57
2239,26
2240,3
2241,55
2242,8
2243,-6
2244,44
2245,40
2246,42
2247,2
2248,-2
2249,28
2250,-22
2251,14
2252,48
2253,28
2254,37
2255,28
2256,1
2257,32
2258,16
2259,32
2260,34
2261,10
2262,5
2263,63
2264,32
2265,35
2266,26
2267,43
2268,12
2269,34
2270,26
2271,17
2272,24
2273,10
2274,45
2275,15
2276,21
2277,26
2278,37
2279,-5
2280,18
2281,22
2282,38
2283,21
2284,24
2285,37
2286,38
2287,21
2288,18
2289,43
2290,20
2291,20
2292,31
2293,26
2294,17
2295,18
2296,18
2297,51
2298,20
2299,20
2300,36
2301,2
2302,18
2303,11
2304,29
2305,20
2306,62
2307,17
2308,26
2309,24
2310,54
2311,20
2312,29
2313,3
2314,33
2315,51
2316,23
2317,27
2318,9
2319,18
2320,9
2321,24
2322,53
2323,34
2324,41
2325,43
2326,28
2327,63
2328,41
2329,26
2330,43
2331,2
2332,12
2333,37
2334,2
2335,50
2336,11
2337,15
2338,22
2339,31
2340,13
2341,31
2342,26
2343,49
2344,32
2345,11
2346,23
2347,28
2348,24
2349,38
2350,42
2351,32
2352,26
2353,27
2354,29
2355,62
2356,4
2357,1
2358,10
2359,-4
2360,40
2361,31
2362,-4
2363,35
2364,22
2365,32
2366,38
2367,7
2368,27
2369,32
2370,2
2371,53
2372,20
2373,31
2374,42
2375,8
2376,35
2377,14
2378,14
2379,48
2380,7
2381,16
2382,15
2383,11
2384,12
2385,10
2386,5
2387,37
2388,45
2389,18
2390,11
2391,41
2392,24
2393,27
2394,57
2395,28
2396,15
2397,8
2398,6
2399,14
2400,11
2401,18
2402,44
2403,17
2404,38
2405,32
2406,-13
2407,25
2408,46
2409,29
2410,17
2411,28
2412,13
2413,44
2414,45
2415,35
2416,33
2417,40
2418,23
2419,42
2420,11
2421,23
2422,22
2423,42
2424,42
2425,54
2426,12
2427,2
2428,49
2429,26
2430,17
2431,30
2432,27
2433,14
2434,23
2435,53
2436,35
2437,46
2438,43
2439,20
2440,34
2441,24
2442,10
2443,48
2444,14
2445,28
2446,10
2447,34
2448,44
2449,15
2450,15
2451,14
2452,22
2453,32
2454,-4
2455,1
2456,14
2457,37
2458,11
2459,53
2460,20
2461,14
2462,29
2463,24
2464,50
2465,14
2466,51
2467,-4
2468,5
2469,38
2470,34
2471,-9
2472,28
2473,26
2474,46
2475,-14
2476,32
2477,14
2478,2
2479,46
2480,32
2481,31
2482,31
2483,36
2484,38
2485,-5
2486,4
2487,34
2488,4
2489,56
2490,9
2491,51
2492,52
2493,51
2494,12
2495,38
2496,24
2497,21
2498,47
2499,32
2500,32
2501,51
2502,6
2503,47
2504,35
2505,6
2506,43
2507,62
2508,26
2509,32
2510,-6
2511,25
2512,26
2513,58
2514,32
2515,43
2516,32
2517,33
2518,-5
2519,16
2520,35
2521,26
2522,15
2523,46
2524,37
2525,42
2526,51
2527,15
2528,32
2529,21
2530,26
2531,55
2532,38
2533,48
2534,18
2535,38
2536,26
2537,20
2538,20
2539,3
2540,42
2541,60
2542,37
2543,2
2544,9
2545,50
2546,21
2547,63
2548,22
2549,40
2550,24
2551,12
2552,47
2553,8
2554,40
2555,23
2556,2
2557,40
2558,35
2559,37
2560,10
2561,44
2562,44
2563,37
2564,27
2565,28
2566,31
2567,35
2568,41
2569,31
2570,33
2571,20
2572,46
2573,23
2574,7
2575,12
2576,23
2577,62
2578,40
2579,2
2580,24
2581,-8
2582,48
2583,27
2584,23
2585,31
2586,28
2587,43
2588,14
2589,43
2590,26
2591,51
2592,62
2593,27
2594,55
2595,52
2596,44
2597,27
2598,31
2599,50
2600,-4
2601,31
2602,29
2603,15
2604,44
2605,38
2606,26
2607,43
2608,14
2609,41
2610,20
2611,17
2612,33
2613,20
2614,14
2615,36
2616,30
2617,20
2618,34
2619,22
2620,20
2621,41
2622,50
2623,49
2624,8
2625,37
2626,36
2627,7
2628,14
2629,29
2630,37
2631,60
2632,49
2633,25
2634,49
2635,29
2636,38
2637,25
2638,37
2639,31
2640,24
2641,7
2642,36
2643,47
2644,7
2645,-2
2646,20
2647,23
2648,17
2649,30
2650,32
2651,36
2652,5
2653,7
2654,30
2655,46
2656,45
2657,27
2658,8
2659,-4
2660,32
2661,43
2662,15
2663,13
2664,25
2665,26
2666,32
2667,8
2668,2
2669,10
2670,23
2671,32
2672,45
2673,17
2674,2
2675,18
2676,25
2677,17
2678,2
2679,21
2680,-2
2681,46
2682,20
2683,37
2684,40
2685,68
2686,54
2687,-4
2688,29
2689,25
2690,4
2691,42
2692,20
2693,15
2694,11
2695,16
2696,43
2697,28
2698,41
2699,8
2700,44
2701,24
2702,4
2703,13
2704,44
2705,8
2706,7
2707,61
2708,32
2709,25
2710,56
2711,8
2712,27
2713,14
2714,23
2715,2
2716,1
2717,32
2718,53
2719,30
2720,25
2721,26
2722,61
2723,10
2724,32
2725,22
2726,26
2727,44
2728,20
2729,49
2730,12
2731,58
2732,15
2733,20
2734,8
2735,36
2736,44
2737,29
2738,8
2739,28
2740,34
2741,27
2742,73
2743,33
2744,20
2745,13
2746,29
2747,23
2748,30
2749,67
2750,43
2751,48
2752,50
2753,16
2754,24
2755,43
2756,55
2757,16
2758,14
2759,20
2760,1
2761,15
2762,27
2763,25
2764,55
2765,20
2766,41
2767,50
2768,22
2769,16
2770,36
2771,18
2772,20
2773,20
2774,28
2775,33
2776,31
2777,32
2778,32
2779,29
2780,60
2781,32
2782,50
2783,37
2784,29
2785,42
2786,24
2787,32
2788,32
2789,22
2790,44
2791,26
2792,27
2793,2
2794,5
2795,26
2796,37
2797,17
2798,44
2799,34
2800,43
2801,32
2802,43
2803,30
2804,41
2805,29
2806,35
2807,14
2808,16
2809,31
2810,31
2811,17
2812,51
2813,7
2814,2
2815,7
2816,28
2817,26
2818,55
2819,26
2820,22
2821,2
2822,32
2823,11
2824,33
2825,17
2826,31
2827,20
2828,57
2829,32
2830,44
2831,16
2832,16
2833,36
2834,32
2835,36
2836,17
2837,18
2838,22
2839,9
2840,32
2841,-6
2842,30
2843,22
2844,8
2845,32
2846,29
2847,20
2848,50
2849,20
2850,29
2851,10
2852,32
2853,29
2854,14
2855,-14
2856,33
2857,68
2858,25
2859,47
2860,18
2861,33
2862,36
2863,51
2864,35
2865,11
2866,0
2867,37
2868,32
2869,44
2870,33
2871,25
2872,26
2873,33
2874,44
2875,32
2876,40
2877,28
2878,17
2879,41
2880,32
2881,56
2882,27
2883,29
2884,24
2885,26
2886,26
2887,16
2888,24
2889,2
2890,36
2891,13
2892,18
2893,60
2894,49
2895,15
2896,15
2897,10
2898,38
2899,9
2900,9
2901,55
2902,37
2903,15
2904,20
2905,30
2906,34
2907,57
2908,35
2909,46
2910,15
2911,30
2912,22
2913,54
2914,32
2915,13
2916,27
2917,38
2918,24
2919,28
2920,44
2921,45
2922,32
2923,14
2924,40
2925,27
2926,50
2927,34
2928,33
2929,11
2930,-3
2931,26
2932,14
2933,31
2934,48
2935,9
2936,32
2937,41
2938,46
2939,36
2940,38
2941,29
2942,9
2943,6
2944,23
2945,23
2946,5
2947,27
2948,16
2949,50
2950,42
2951,28
2952,4
2953,36
2954,-28
2955,-4
2956,51
2957,42
2958,47
2959,35
2960,45
2961,45
2962,43
2963,22
2964,58
2965,23
2966,2
2967,34
2968,85
2969,54
2970,12
2971,22
2972,20
2973,26
2974,15
2975,24
2976,41
2977,0
2978,20
2979,33
2980,48
2981,37
2982,32
2983,45
2984,50
2985,20
2986,22
2987,26
2988,32
2989,14
2990,2
2991,-25
2992,32
2993,42
2994,-17
2995,15
2996,25
2997,38
2998,10
2999,60
3000,20
3001,32
3002,30
3003,23
3004,22
3005,26
3006,6
3007,41
3008,15
3009,3
3010,60
3011,16
3012,11
3013,2
3014,5
3015,42
3016,8
3017,47
3018,37
3019,26
3020,14
3021,43
3022,12
3023,8
3024,10
3025,22
3026,29
3027,38
3028,53
3029,45
3030,49
3031,12
3032,51
3033,26
3034,24
3035,12
3036,21
3037,32
3038,32
3039,-4
3040,50
3041,75
3042,9
3043,44
3044,30
3045,26
3046,26
3047,8
3048,47
3049,33
3050,8
3051,57
3052,35
3053,45
3054,21
3055,14
3056,84
3057,24
3058,12
3059,6
3060,63
3061,37
3062,23
3063,12
3064,-6
3065,31
3066,38
3067,29
3068,42
3069,25
3070,32
3071,33
3072,38
3073,23
3074,41
3075,34
3076,42
3077,61
3078,17
3079,32
3080,26
3081,-15
3082,-4
3083,16
3084,48
3085,11
3086,55
3087,32
3088,43
3089,17
3090,35
3091,38
3092,48
3093,46
3094,11
3095,41
3096,32
3097,45
3098,11
3099,37
3100,30
3101,37
3102,20
3103,53
3104,34
3105,31
3106,32
3107,14
3108,14
3109,62
3110,29
3111,26
3112,28
3113,50
3114,26
3115,8
3116,35
3117,49
3118,2
3119,47
3120,47
3121,20
3122,18
3123,7
3124,9
3125,9
3126,37
3127,-16
3128,-10
3129,38
3130,26
3131,22
3132,20
3133,26
3134,26
3135,30
3136,10
3137,3
3138,41
3139,14
3140,14
3141,37
3142,13
3143,12
3144,55
3145,11
3146,54
3147,26
3148,22
3149,35
3150,52
3151,49
3152,8
3153,2
3154,64
3155,37
3156,43
3157,34
3158,1
3159,27
3160,30
3161,32
3162,56
3163,20
3164,13
3165,38
3166,18
3167,14
3168,44
3169,44
3170,40
3171,45
3172,33
3173,40
3174,20
3175,22
3176,22
3177,22
3178,33
3179,51
3180,26
3181,14
3182,45
3183,44
3184,22
3185,14
3186,12
3187,43
3188,25
3189,46
3190,20
3191,37
3192,20
3193,32
3194,33
3195,46
3196,68
3197,36
3198,1
3199,40
3200,34
3201,20
3202,27
3203,26
3204,43
3205,32
3206,25
3207,28
3208,21
3209,5
3210,48
3211,20
3212,35
3213,45
3214,26
3215,33
3216,8
3217,9
3218,9
3219,28
3220,20
3221,12
3222,40
3223,10
3224,17
3225,24
3226,34
3227,29
3228,22
3229,46
3230,30
3231,10
3232,43
3233,64
3234,16
3235,12
3236,37
3237,27
3238,16
3239,30
3240,48
3241,23
3242,37
3243,29
3244,36
3245,23
3246,-13
3247,38
3248,8
3249,23
3250,24
3251,26
3252,28
3253,8
3254,37
3255,45
3256,35
3257,8
3258,35
3259,17
3260,14
3261,34
3262,23
3263,36
3264,67
3265,24
3266,44
3267,44
3268,51
3269,41
3270,23
3271,32
3272,4
3273,61
3274,9
3275,8
3276,51
3277,24
3278,45
3279,20
3280,7
3281,54
3282,30
3283,25
3284,32
3285,-16
3286,20
3287,46
3288,1
3289,27
3290,8
3291,29
3292,42
3293,44
3294,26
3295,16
3296,-18
3297,-4
3298,8
3299,32
3300,-4
3301,-2
3302,25
3303,14
3304,29
3305,73
3306,5
3307,31
3308,25
3309,17
3310,33
3311,18
3312,17
3313,21
3314,42
3315,15
3316,34
3317,48
3318,26
3319,24
3320,11
3321,25
3322,50
3323,24
3324,26
3325,45
3326,58
3327,16
3328,32
3329,30
3330,17
3331,46
3332,22
3333,44
3334,36
3335,-10
3336,12
3337,10
3338,20
3339,13
3340,31
3341,25
3342,35
3343,27
3344,32
3345,32
3346,14
3347,30
3348,36
3349,26
3350,29
3351,22
3352,40
3353,31
3354,34
3355,68
3356,36
3357,26
3358,35
3359,32
3360,8
3361,32
3362,33
3363,29
3364,21
3365,49
3366,14
3367,17
3368,68
3369,40
3370,20
3371,55
3372,21
3373,15
3374,35
3375,20
3376,20
3377,21
3378,25
3379,37
3380,29
3381,47
3382,16
3383,5
3384,20
3385,25
3386,21
3387,26
3388,41
3389,37
3390,50
3391,26
3392,15
3393,5
3394,27
3395,-10
3396,32
3397,8
3398,7
3399,28
3400,25
3401,32
3402,41
3403,13
3404,34
3405,14
3406,5
3407,27
3408,45
3409,28
3410,8
3411,50
3412,8
3413,68
3414,27
3415,51
3416,42
3417,40
3418,53
3419,29
3420,43
3421,31
3422,65
3423,62
3424,35
3425,29
3426,24
3427,35
3428,18
3429,0
3430,14
3431,40
3432,26
3433,14
3434,22
3435,31
3436,32
3437,16
3438,0
3439,13
3440,14
3441,45
3442,23
3443,-4
3444,50
3445,42
3446,-16
3447,26
3448,27
3449,31
3450,1
3451,41
3452,37
3453,0
3454,20
3455,31
3456,32
3457,6
3458,37
3459,30
3460,50
3461,26
3462,-2
3463,29
3464,32
3465,3
3466,2
3467,25
3468,40
3469,44
3470,20
3471,26
3472,9
3473,32
3474,8
3475,29
3476,14
3477,15
3478,25
3479,32
3480,56
3481,53
3482,24
3483,54
3484,30
3485,36
3486,-28
3487,13
3488,50
3489,21
3490,26
3491,28
3492,27
3493,37
3494,24
3495,43
3496,20
3497,14
3498,21
3499,51
3500,17
3501,52
3502,50
3503,26
3504,27
3505,4
3506,18
3507,49
3508,40
3509,73
3510,29
3511,30
3512,35
3513,34
3514,45
3515,32
3516,48
3517,18
3518,28
3519,8
3520,-8
3521,14
3522,23
3523,12
3524,30
3525,36
3526,3
3527,31
3528,16
3529,28
3530,49
3531,27
3532,20
3533,52
3534,33
3535,46
3536,16
3537,43
3538,31
3539,47
3540,52
3541,46
3542,16
3543,40
3544,36
3545,37
3546,24
3547,55
3548,32
3549,-4
3550,34
3551,45
3552,24
3553,32
3554,61
3555,32
3556,27
3557,29
3558,37
3559,55
3560,11
3561,51
3562,36
3563,35
3564,26
3565,26
3566,30
3567,23
3568,13
3569,35
3570,37
3571,26
3572,45
3573,-5
3574,33
3575,30
3576,20
3577,47
3578,27
3579,-12
3580,18
3581,16
3582,36
3583,41
3584,41
3585,30
3586,56
3587,42
3588,14
3589,64
3590,10
3591,30
3592,-10
3593,8
3594,35
3595,26
3596,29
3597,20
3598,20
3599,28
3600,35
3601,47
3602,46
3603,18
3604,37
3605,18
3606,26
3607,44
3608,67
3609,46
3610,72
3611,31
3612,40
3613,47
3614,8
3615,47
3616,27
3617,49
3618,28
3619,14
3620,43
3621,35
3622,27
3623,31
3624,37
3625,37
3626,-5
3627,17
3628,18
3629,11
3630,44
3631,22
3632,7
3633,20
3634,25
3635,28
3636,14
3637,9
3638,-5
3639,31
3640,4
3641,40
3642,16
3643,26
3644,29
3645,18
3646,36
3647,34
3648,17
3649,31
3650,29
3651,40
3652,12
3653,20
3654,25
3655,47
3656,17
3657,2
3658,10
3659,13
3660,35
3661,60
3662,44
3663,49
3664,23
3665,35
3666,1
3667,25
3668,49
3669,46
3670,40
3671,27
3672,33
3673,44
3674,23
3675,20
3676,28
3677,16
3678,20
3679,29
3680,31
3681,48
3682,21
3683,35
3684,26
3685,13
3686,21
3687,2
3688,40
3689,35
3690,16
3691,38
3692,15
3693,9
3694,55
3695,18
3696,-15
3697,37
3698,1
3699,9
3700,8
3701,7
3702,37
3703,28
3704,27
3705,48
3706,8
3707,15
3708,2
3709,45
3710,55
3711,68
3712,5
3713,32
3714,25
3715,15
3716,3
3717,15
3718,54
3719,38
3720,-2
3721,11
3722,12
3723,-4
3724,35
3725,22
3726,37
3727,25
3728,11
3729,27
3730,4
3731,12
3732,66
3733,13
3734,55
3735,44
3736,38
3737,27
3738,29
3739,15
3740,29
3741,47
3742,22
3743,8
3744,22
3745,38
3746,62
3747,16
3748,71
3749,20
3750,14
3751,8
3752,21
3753,20
3754,33
3755,41
3756,28
3757,23
3758,29
3759,63
3760,30
3761,56
3762,46
3763,41
3764,-5
3765,47
3766,34
3767,25
3768,27
3769,34
3770,32
3771,26
3772,13
3773,35
3774,43
3775,37
3776,7
3777,26
3778,28
3779,34
3780,37
3781,-14
3782,38
3783,32
3784,14
3785,18
3786,21
3787,32
3788,37
3789,1
3790,33
3791,44
3792,14
3793,33
3794,31
3795,34
3796,15
3797,32
3798,68
3799,14
3800,37
3801,11
3802,33
3803,29
3804,21
3805,33
3806,33
3807,20
3808,17
3809,25
3810,51
3811,33
3812,11
3813,24
3814,33
3815,51
3816,28
3817,8
3818,4
3819,-13
3820,20
3821,7
3822,18
3823,32
3824,38
3825,55
3826,9
3827,25
3828,21
3829,20
3830,37
3831,38
3832,29
3833,8
3834,31
3835,42
3836,46
3837,24
3838,38
3839,0
3840,50
3841,31
3842,47
3843,52
3844,33
3845,35
3846,44
3847,14
3848,27
3849,21
3850,14
3851,28
3852,29
3853,10
3854,32
3855,23
3856,15
3857,-3
3858,41
3859,20
3860,31
3861,46
3862,14
3863,72
3864,-14
3865,14
3866,2
3867,17
3868,67
3869,37
3870,34
3871,24
3872,34
3873,10
3874,8
3875,31
3876,31
3877,26
3878,24
3879,26
3880,26
3881,43
3882,15
3883,23
3884,44
3885,1
3886,46
3887,5
3888,50
3889,15
3890,18
3891,25
3892,41
3893,28
3894,-3
3895,8
3896,49
3897,23
3898,48
3899,32
3900,30
3901,44
3902,42
3903,32
3904,50
3905,29
3906,32
3907,46
3908,43
3909,33
3910,46
3911,37
3912,36
3913,16
3914,21
3915,37
3916,72
3917,29
3918,9
3919,42
3920,48
3921,32
3922,20
3923,40
3924,6
3925,29
3926,14
3927,53
3928,57
3929,43
3930,42
3931,38
3932,28
3933,3
3934,24
3935,33
3936,24
3937,32
3938,37
3939,5
3940,25
3941,28
3942,20
3943,44
3944,9
3945,28
3946,12
3947,22
3948,11
3949,24
3950,34
3951,44
3952,14
3953,38
3954,30
3955,-6
3956,40
3957,37
3958,-5
3959,18
3960,12
3961,31
3962,68
3963,25
3964,2
3965,20
3966,35
3967,32
3968,28
3969,38
3970,38
3971,22
3972,44
3973,28
3974,58
3975,20
3976,15
3977,37
3978,0
3979,27
3980,14
3981,37
3982,28
3983,35
3984,26
3985,8
3986,18
3987,21
3988,17
3989,8
3990,9
3991,12
3992,23
3993,41
3994,20
3995,34
3996,37
3997,11
3998,61
3999,21
4000,-4
4001,22
4002,54
4003,49
4004,52
4005,7
4006,26
4007,28
4008,-11
4009,35
4010,50
4011,31
4012,53
4013,26
4014,10
4015,37
4016,34
4017,-2
4018,38
4019,57
4020,4
4021,21
4022,30
4023,17
4024,14
4025,26
4026,18
4027,51
4028,43
4029,41
4030,65
4031,20
4032,36
4033,50
4034,31
4035,27
4036,42
4037,51
4038,42
4039,20
4040,31
4041,56
4042,33
4043,-5
4044,14
4045,5
4046,0
4047,51
4048,11
4049,43
4050,37
4051,37
4052,-2
4053,20
4054,51
4055,17
4056,21
4057,48
4058,60
4059,35
4060,32
4061,27
4062,26
4063,42
4064,22
4065,32
4066,8
4067,62
4068,25
4069,16
4070,17
4071,24
4072,18
4073,15
4074,11
4075,14
4076,16
4077,22
4078,14
4079,35
4080,76
4081,29
4082,45
4083,31
4084,30
4085,6
4086,24
4087,8
4088,41
4089,38
4090,41
4091,14
4092,5
4093,25
4094,23
4095,3
4096,-29
4097,13
4098,52
4099,32
4100,7
4101,24
4102,14
4103,43
4104,6
4105,21
4106,43
4107,57
4108,4
4109,54
4110,33
4111,17
4112,28
4113,70
4114,32
4115,22
4116,28
4117,0
4118,25
4119,48
4120,37
4121,16
4122,29
4123,-8
4124,33
4125,25
4126,31
4127,20
4128,3
4129,51
4130,4
4131,29
4132,38
4133,4
4134,32
4135,41
4136,86
4137,33
4138,27
4139,6
4140,32
4141,47
4142,30
4143,25
4144,21
4145,31
4146,1
4147,28
4148,2
4149,7
4150,44
4151,46
4152,66
4153,26
4154,25
4155,30
4156,21
4157,25
4158,13
4159,68
4160,33
4161,37
4162,40
4163,22
4164,14
4165,32
4166,22
4167,20
4168,18
4169,24
4170,14
4171,31
4172,23
4173,17
4174,22
4175,23
4176,34
4177,9
4178,41
4179,7
4180,18
4181,44
4182,0
4183,64
4184,35
4185,30
4186,50
4187,-16
4188,16
4189,27
4190,31
4191,26
4192,23
4193,47
4194,18
4195,33
4196,38
4197,43
4198,16
4199,61
4200,34
4201,0
4202,50
4203,31
4204,3
4205,49
4206,64
4207,45
4208,15
4209,28
4210,52
4211,17
4212,54
4213,8
4214,37
4215,-10
4216,-27
4217,28
4218,44
4219,3
4220,26
4221,21
4222,55
4223,30
4224,21
4225,43
4226,54
4227,12
4228,37
4229,34
4230,17
4231,26
4232,37
4233,22
4234,42
4235,48
4236,30
4237,3
4238,17
4239,36
4240,30
4241,8
4242,32
4243,37
4244,22
4245,-2
4246,49
4247,8
4248,51
4249,12
4250,-13
4251,26
4252,5
4253,1
4254,25
4255,20
4256,33
4257,26
4258,-6
4259,32
4260,17
4261,28
4262,37
4263,33
4264,16
4265,30
4266,9
4267,20
4268,11
4269,44
4270,22
4271,29
4272,14
4273,44
4274,45
4275,52
4276,63
4277,-10
4278,33
4279,27
4280,21
4281,51
4282,28
4283,30
4284,42
4285,21
4286,-7
4287,51
4288,36
4289,12
4290,29
4291,61
4292,29
4293,27
4294,38
4295,48
4296,21
4297,60
4298,42
4299,27
4300,31
4301,24
4302,27
4303,31
4304,7
4305,54
4306,-7
4307,37
4308,35
4309,52
4310,21
4311,7
4312,14
4313,62
4314,33
4315,38
4316,49
4317,35
4318,8
4319,29
4320,15
4321,49
4322,36
4323,28
4324,14
4325,44
4326,29
4327,11
4328,42
4329,8
4330,30
4331,18
4332,51
4333,16
4334,27
4335,43
4336,23
4337,22
4338,-10
4339,47
4340,28
4341,42
4342,26
4343,0
4344,61
4345,35
4346,27
4347,35
4348,64
4349,35
4350,43
4351,28
4352,-12
4353,41
4354,4
4355,20
4356,31
4357,45
4358,14
4359,16
4360,44
4361,-16
4362,54
4363,24
4364,8
4365,18
4366,47
4367,34
4368,24
4369,-8
4370,24
4371,26
4372,41
4373,37
4374,16
4375,35
4376,41
4377,48
4378,50
4379,30
4380,3
4381,14
4382,22
4383,4
4384,25
4385,36
4386,47
4387,10
4388,29
4389,54
4390,23
4391,34
4392,44
4393,37
4394,16
4395,6
4396,43
4397,30
4398,45
4399,14
4400,-2
4401,44
4402,37
4403,55
4404,26
4405,3
4406,-3
4407,17
4408,7
4409,37
4410,46
4411,43
4412,31
4413,45
4414,60
4415,7
4416,24
4417,52
4418,28
4419,30
4420,15
4421,33
4422,47
4423,9
4424,-4
4425,62
4426,32
4427,12
4428,2
4429,52
4430,20
4431,11
4432,45
4433,43
4434,41
4435,26
4436,20
4437,15
4438,37
4439,31
4440,55
4441,31
4442,14
4443,37
4444,62
4445,55
4446,43
4447,54
4448,30
4449,34
4450,-4
4451,49
4452,26
4453,53
4454,58
4455,33
4456,28
4457,16
4458,26
4459,20
4460,34
4461,24
4462,10
4463,24
4464,33
4465,-2
4466,49
4467,30
4468,-10
4469,30
4470,28
4471,30
4472,17
4473,48
4474,25
4475,33
4476,14
4477,11
4478,40
4479,9
4480,45
4481,24
4482,37
4483,82
4484,22
4485,-5
4486,37
4487,17
4488,34
4489,66
4490,17
4491,2
4492,20
4493,55
4494,3
4495,24
4496,49
4497,-6
4498,29
4499,38
4500,48
4501,53
4502,37
4503,-3
4504,37
4505,23
4506,45
4507,13
4508,48
4509,26
4510,17
4511,5
4512,21
4513,43
4514,33
4515,0
4516,14
4517,50
4518,31
4519,43
4520,43
4521,51
4522,26
4523,60
4524,34
4525,64
4526,35
4527,-3
4528,2
4529,33
4530,34
4531,25
4532,66
4533,53
4534,14
4535,-11
4536,-6
4537,12
4538,41
4539,-7
4540,23
4541,17
4542,38
4543,35
4544,32
4545,54
4546,30
4547,46
4548,18
4549,33
4550,12
4551,58
4552,50
4553,40
4554,11
4555,37
4556,44
4557,26
4558,10
4559,38
4560,-4
4561,12
4562,12
4563,51
4564,-5
4565,48
4566,35
4567,25
4568,38
4569,3
4570,3
4571,32
4572,-10
4573,36
4574,23
4575,22
4576,14
4577,32
4578,4
4579,22
4580,18
4581,13
4582,43
4583,14
4584,18
4585,18
4586,45
4587,27
4588,28
4589,10
4590,16
4591,41
4592,34
4593,50
4594,24
4595,40
4596,29
4597,46
4598,24
4599,30
4600,37
4601,0
4602,34
4603,32
4604,31
4605,51
4606,33
4607,30
4608,9
4609,44
4610,32
4611,31
4612,-7
4613,32
4614,32
4615,24
4616,12
4617,21
4618,17
4619,27
4620,30
4621,47
4622,34
4623,15
4624,13
4625,35
4626,5
4627,12
4628,13
4629,38
4630,30
4631,37
4632,16
4633,32
4634,14
4635,30
4636,7
4637,22
4638,16
4639,2
4640,51
4641,49
4642,14
4643,35
4644,32
4645,18
4646,54
4647,16
4648,43
4649,38
4650,26
4651,12
4652,41
4653,31
4654,25
4655,0
4656,36
4657,11
4658,8
4659,21
4660,-11
4661,22
4662,17
4663,62
4664,20
4665,2
4666,-8
4667,40
4668,47
4669,2
4670,3
4671,14
4672,31
4673,33
4674,26
4675,26
4676,49
4677,29
4678,29
4679,47
4680,46
4681,34
4682,37
4683,43
4684,30
4685,50
4686,44
4687,42
4688,-3
4689,11
4690,22
4691,47
4692,35
4693,43
4694,17
4695,31
4696,1
4697,27
4698,27
4699,26
4700,38
4701,49
4702,8
4703,38
4704,52
4705,29
4706,25
4707,43
4708,31
4709,25
4710,34
4711,37
4712,21
4713,30
4714,16
4715,38
4716,52
4717,24
4718,25
4719,7
4720,33
4721,17
4722,-4
4723,-9
4724,30
4725,47
4726,38
4727,51
4728,36
4729,13
4730,54
4731,28
4732,-7
4733,33
4734,45
4735,65
4736,18
4737,40
4738,37
4739,42
4740,20
4741,20
4742,54
4743,21
4744,35
4745,45
4746,57
4747,35
4748,23
4749,37
4750,69
4751,37
4752,31
4753,14
4754,14
4755,21
4756,40
4757,44
4758,8
4759,50
4760,14
4761,28
4762,50
4763,12
4764,8
4765,33
4766,48
4767,8
4768,52
4769,36
4770,27
4771,62
4772,50
4773,7
4774,54
4775,-5
4776,18
4777,34
4778,15
4779,43
4780,31
4781,48
4782,23
4783,50
4784,20
4785,44
4786,52
4787,24
4788,2
4789,15
4790,18
4791,28
4792,12
4793,11
4794,20
4795,50
4796,22
4797,44
4798,40
4799,41
4800,31
4801,5
4802,1
4803,15
4804,45
4805,47
4806,47
4807,47
4808,27
4809,14
4810,15
4811,15
4812,33
4813,12
4814,18
4815,31
4816,21
4817,32
4818,38
4819,8
4820,8
4821,34
4822,38
4823,24
4824,20
4825,14
4826,55
4827,20
4828,37
4829,38
4830,40
4831,46
4832,32
4833,-4
4834,45
4835,49
4836,37
4837,17
4838,36
4839,14
4840,24
4841,50
4842,62
4843,14
4844,9
4845,11
4846,44
4847,11
4848,47
4849,11
4850,58
4851,38
4852,25
4853,18
4854,4
4855,49
4856,11
4857,6
4858,9
4859,-3
4860,37
4861,34
4862,25
4863,29
4864,-12
4865,37
4866,20
4867,4
4868,69
4869,48
4870,27
4871,44
4872,22
4873,11
4874,25
4875,31
4876,46
4877,31
4878,52
4879,21
4880,36
4881,26
4882,35
4883,14
4884,47
4885,54
4886,27
4887,25
4888,55
4889,44
4890,40
4891,2
4892,5
4893,34
4894,32
4895,47
4896,14
4897,25
4898,35
4899,11
4900,13
4901,-2
4902,32
4903,44
4904,48
4905,24
4906,26
4907,2
4908,14
4909,45
4910,66
4911,44
4912,33
4913,65
4914,60
4915,16
4916,47
4917,29
4918,63
4919,11
4920,32
4921,4
4922,28
4923,37
4924,14
4925,26
4926,14
4927,36
4928,27
4929,-2
4930,43
4931,37
4932,5
4933,40
4934,37
4935,27
4936,20
4937,20
4938,49
4939,36
4940,32
4941,57
4942,17
4943,45
4944,14
4945,51
4946,22
4947,9
4948,32
4949,42
4950,66
4951,37
4952,41
4953,44
4954,23
4955,52
4956,15
4957,61
4958,20
4959,48
4960,15
4961,26
4962,50
4963,28
4964,29
4965,15
4966,26
4967,41
4968,22
4969,9
4970,21
4971,31
4972,17
4973,22
4974,-7
4975,8
4976,48
4977,66
4978,53
4979,32
4980,10
4981,27
4982,32
4983,7
4984,9
4985,-2
4986,20
4987,62
4988,34
4989,38
4990,7
4991,20
4992,30
4993,38
4994,36
4995,28
4996,26
4997,62
4998,52
4999,22
5000,34
5001,51
5002,26
5003,26
5004,58
5005,46
5006,8
5007,10
5008,29
5009,6
5010,43
5011,32
5012,24
5013,44
5014,64
5015,25
5016,30
5017,40
5018,-4
5019,50
5020,53
5021,24
5022,26
5023,42
5024,-10
5025,14
5026,55
5027,26
5028,18
5029,51
5030,53
5031,26
5032,29
5033,40
5034,37
5035,20
5036,48
5037,46
5038,8
5039,24
5040,45
5041,44
5042,18
5043,42
5044,9
5045,28
5046,22
5047,2
5048,0
5049,-2
5050,33
5051,28
5052,36
5053,-7
5054,20
5055,20
5056,37
5057,29
5058,28
5059,14
5060,20
5061,22
5062,22
5063,34
5064,4
5065,23
5066,14
5067,33
5068,28
5069,41
5070,47
5071,17
5072,33
5073,22
5074,16
5075,44
5076,13
5077,38
5078,17
5079,44
5080,52
5081,13
5082,22
5083,34
5084,26
5085,36
5086,14
5087,56
5088,18
5089,47
5090,44
5091,37
5092,-8
5093,32
5094,2
5095,28
5096,35
5097,14
5098,49
5099,29
5100,26
5101,23
5102,31
5103,30
5104,36
5105,68
5106,38
5107,35
5108,11
5109,11
5110,2
5111,32
5112,22
5113,52
5114,30
5115,13
5116,16
5117,47
5118,62
5119,-7
5120,0
5121,32
5122,9
5123,20
5124,47
5125,12
5126,41
5127,50
5128,32
5129,8
5130,11
5131,1
5132,41
5133,20
5134,35
5135,25
5136,47
5137,40
5138,21
5139,14
5140,37
5141,35
5142,26
5143,27
5144,14
5145,43
5146,23
5147,32
5148,4
5149,-4
5150,27
5151,35
5152,7
5153,21
5154,27
5155,29
5156,37
5157,34
5158,50
5159,55
5160,-6
5161,61
5162,29
5163,60
5164,36
5165,37
5166,14
5167,38
5168,50
5169,26
5170,44
5171,14
5172,26
5173,23
5174,44
5175,3
5176,32
5177,25
5178,7
5179,50
5180,23
5181,15
5182,37
5183,11
5184,32
5185,24
5186,58
5187,26
5188,14
5189,36
5190,11
5191,0
5192,53
5193,48
5194,54
5195,26
5196,37
5197,27
5198,-4
5199,28
5200,46
5201,49
5202,45
5203,27
5204,41
5205,-13
5206,44
5207,82
5208,31
5209,-4
5210,1
5211,49
5212,43
5213,26
5214,27
5215,48
5216,14
5217,37
5218,52
5219,40
5220,54
5221,8
5222,38
5223,48
5224,26
5225,26
5226,38
5227,35
5228,31
5229,55
5230,34
5231,20
5232,36
5233,27
5234,46
5235,26
5236,-7
5237,48
5238,45
5239,22
5240,50
5241,33
5242,22
5243,33
5244,-12
5245,27
5246,11
5247,46
5248,27
5249,37
5250,16
5251,26
5252,18
5253,35
5254,18
5255,49
5256,36
5257,36
5258,20
5259,58
5260,15
5261,28
5262,37
5263,8
5264,49
5265,55
5266,3
5267,44
5268,27
5269,20
5270,47
5271,20
5272,23
5273,13
5274,44
5275,22
5276,38
5277,23
5278,36
5279,20
5280,24
5281,58
5282,51
5283,28
5284,26
5285,43
5286,20
5287,14
5288,16
5289,2
5290,14
5291,8
5292,16
5293,57
5294,26
5295,7
5296,48
5297,-4
5298,26
5299,68
5300,23
5301,29
5302,40
5303,36
5304,24
5305,26
5306,9
5307,44
5308,26
5309,28
5310,21
5311,9
5312,17
5313,11
5314,20
5315,22
5316,10
5317,44
5318,36
5319,11
5320,11
5321,-4
5322,18
5323,37
5324,3
5325,4
5326,32
5327,29
5328,23
5329,31
5330,38
5331,32
5332,50
5333,31
5334,29
5335,17
5336,5
5337,33
5338,33
5339,20
5340,38
5341,29
5342,38
5343,34
5344,17
5345,11
5346,29
5347,6
5348,31
5349,45
5350,16
5351,32
5352,50
5353,57
5354,15
5355,21
5356,44
5357,18
5358,28
5359,23
5360,69
5361,13
5362,9
5363,23
5364,47
5365,-7
5366,61
5367,43
5368,36
5369,54
5370,12
5371,8
5372,26
5373,32
5374,8
5375,55
5376,23
5377,2
5378,46
5379,65
5380,8
5381,5
5382,20
5383,63
5384,26
5385,23
5386,44
5387,16
5388,16
5389,44
5390,41
5391,40
5392,35
5393,31
5394,43
5395,16
5396,16
5397,20
5398,27
5399,23
5400,18
5401,13
5402,26
5403,-4
5404,20
5405,31
5406,32
5407,65
5408,14
5409,35
5410,28
5411,50
5412,45
5413,20
5414,7
5415,44
5416,25
5417,28
5418,32
5419,55
5420,-13
5421,64
5422,28
5423,38
5424,15
5425,-7
5426,43
5427,73
5428,43
5429,30
5430,44
5431,8
5432,54
5433,20
5434,48
5435,30
5436,34
5437,14
5438,22
5439,23
5440,41
5441,60
5442,47
5443,9
5444,8
5445,36
5446,37
5447,32
5448,29
5449,29
5450,24
5451,58
5452,8
5453,25
5454,25
5455,62
5456,14
5457,36
5458,32
5459,14
5460,23
5461,32
5462,37
5463,18
5464,26
5465,56
5466,53
5467,28
5468,22
5469,28
5470,68
5471,23
5472,62
5473,37
5474,41
5475,13
5476,12
5477,21
5478,20
5479,44
5480,16
5481,43
5482,13
5483,23
5484,32
5485,26
5486,52
5487,13
5488,14
5489,49
5490,7
5491,26
5492,22
5493,13
5494,44
5495,25
5496,18
5497,28
5498,28
5499,44
5500,44
5501,36
5502,36
5503,80
5504,62
5505,37
5506,24
5507,50
5508,14
5509,12
5510,45
5511,41
5512,48
5513,11
5514,33
5515,29
5516,38
5517,52
5518,23
5519,18
5520,23
5521,50
5522,35
5523,18
5524,15
5525,62
5526,44
5527,14
5528,14
5529,32
5530,20
5531,48
5532,21
5533,45
5534,26
5535,46
5536,61
5537,28
5538,29
5539,8
5540,3
5541,37
5542,20
5543,34
5544,23
5545,31
5546,50
5547,14
5548,44
5549,37
5550,26
5551,55
5552,7
5553,37
5554,9
5555,26
5556,12
5557,23
5558,41
5559,26
5560,24
5561,48
5562,-2
5563,41
5564,25
5565,20
5566,24
5567,44
5568,8
5569,38
5570,20
5571,20
5572,27
5573,-2
5574,54
5575,22
5576,23
5577,22
5578,35
5579,8
5580,36
5581,1
5582,-2
5583,7
5584,40
5585,11
5586,18
5587,25
5588,41
5589,12
5590,32
5591,36
5592,50
5593,-4
5594,31
5595,6
5596,16
5597,26
5598,40
5599,20
5600,15
5601,44
5602,10
5603,33
5604,32
5605,30
5606,37
5607,28
5608,23
5609,14
5610,-10
5611,20
5612,45
5613,36
5614,29
5615,22
5616,42
5617,32
5618,26
5619,30
5620,11
5621,8
5622,13
5623,8
5624,17
5625,7
5626,30
5627,3
5628,16
5629,41
5630,9
5631,29
5632,24
5633,32
5634,2
5635,44
5636,37
5637,44
5638,38
5639,62
5640,55
5641,22
5642,29
5643,3
5644,26
5645,45
5646,10
5647,14
5648,14
5649,27
5650,15
5651,40
5652,37
5653,8
5654,26
5655,4
5656,24
5657,30
5658,32
5659,12
5660,30
5661,26
5662,25
5663,46
5664,26
5665,12
5666,16
5667,4
5668,3
5669,32
5670,41
5671,33
5672,37
5673,13
5674,61
5675,31
5676,15
5677,43
5678,47
5679,14
5680,33
5681,22
5682,32
5683,13
5684,60
5685,18
5686,16
5687,37
5688,43
5689,12
5690,1
5691,-16
5692,17
5693,4
5694,16
5695,33
5696,36
5697,44
5698,14
5699,34
5700,29
5701,50
5702,-3
5703,23
5704,16
5705,12
5706,55
5707,32
5708,32
5709,0
5710,33
5711,36
5712,64
5713,21
5714,24
5715,23
5716,24
5717,25
5718,16
5719,37
5720,15
5721,32
5722,86
5723,36
5724,3
5725,51
5726,32
5727,22
5728,15
5729,17
5730,-2
5731,47
5732,32
5733,25
5734,72
5735,44
5736,55
5737,34
5738,28
5739,14
5740,18
5741,32
5742,29
5743,11
5744,22
5745,29
5746,20
5747,34
5748,70
5749,14
5750,25
5751,31
5752,17
5753,15
5754,32
5755,45
5756,-6
5757,44
5758,20
5759,17
5760,-4
5761,37
5762,29
5763,50
5764,25
5765,32
5766,18
5767,42
5768,14
5769,31
5770,29
5771,42
5772,14
5773,52
5774,26
5775,25
5776,40
5777,17
5778,15
5779,-6
5780,41
5781,28
5782,53
5783,31
5784,45
5785,42
5786,36
5787,31
5788,51
5789,-2
5790,43
5791,26
5792,12
5793,37
5794,29
5795,29
5796,29
5797,26
5798,20
5799,49
5800,10
5801,35
5802,29
5803,40
5804,27
5805,-11
5806,46
5807,28
5808,37
5809,20
5810,31
5811,4
5812,26
5813,-3
5814,35
5815,25
5816,31
5817,33
5818,14
5819,37
5820,14
5821,49
5822,61
5823,49
5824,47
5825,-2
5826,18
5827,33
5828,33
5829,84
5830,13
5831,31
5832,14
5833,23
5834,34
5835,2
5836,25
5837,29
5838,17
5839,46
5840,35
5841,30
5842,41
5843,7
5844,50
5845,43
5846,12
5847,32
5848,53
5849,50
5850,48
5851,32
5852,15
5853,14
5854,43
5855,-2
5856,38
5857,41
5858,16
5859,15
5860,26
5861,36
5862,32
5863,20
5864,26
5865,43
5866,26
5867,2
5868,29
5869,30
5870,20
5871,11
5872,5
5873,13
5874,46
5875,17
5876,47
5877,40
5878,16
5879,34
5880,15
5881,10
5882,8
5883,22
5884,22
5885,32
5886,42
5887,45
5888,13
5889,24
5890,8
5891,16
5892,36
5893,44
5894,28
5895,17
5896,54
5897,46
5898,18
5899,8
5900,36
5901,29
5902,42
5903,48
5904,10
5905,15
5906,37
5907,44
5908,32
5909,4
5910,29
5911,18
5912,27
5913,27
5914,40
5915,-5
5916,7
5917,20
5918,12
5919,20
5920,26
5921,50
5922,41
5923,8
5924,32
5925,41
5926,30
5927,8
5928,22
5929,8
5930,28
5931,38
5932,18
5933,14
5934,37
5935,15
5936,8
5937,14
5938,5
5939,54
5940,50
5941,20
5942,51
5943,21
5944,30
5945,15
5946,32
5947,31
5948,52
5949,44
5950,62
5951,40
5952,14
5953,43
5954,30
5955,14
5956,76
5957,38
5958,28
5959,32
5960,10
5961,26
5962,23
5963,1
5964,40
5965,44
5966,20
5967,32
5968,37
5969,3
5970,14
5971,62
5972,33
5973,51
5974,31
5975,21
5976,9
5977,20
5978,64
5979,12
5980,23
5981,32
5982,26
5983,36
5984,14
5985,9
5986,14
5987,43
5988,-13
5989,55
5990,32
5991,44
5992,61
5993,14
5994,14
5995,42
5996,35
5997,37
5998,20
5999,56
6000,14
6001,16
6002,43
6003,35
6004,50
6005,13
6006,32
6007,17
6008,49
6009,15
6010,45
6011,32
6012,38
6013,26
6014,6
6015,16
6016,51
6017,22
6018,-16
6019,13
6020,46
6021,15
6022,40
6023,32
6024,42
6025,17
6026,30
6027,25
6028,45
6029,25
6030,56
6031,50
6032,29
6033,22
6034,52
6035,-7
6036,20
6037,64
6038,7
6039,12
6040,37
6041,8
6042,50
6043,2
6044,4
6045,41
6046,56
6047,26
6048,35
6049,38
6050,8
6051,20
6052,55
6053,21
6054,33
6055,48
6056,44
6057,16
6058,15
6059,23
6060,47
6061,47
6062,32
6063,78
6064,40
6065,40
6066,16
6067,58
6068,40
6069,37
6070,22
6071,40
6072,24
6073,46
6074,28
6075,46
6076,48
6077,66
6078,40
6079,5
6080,9
6081,13
6082,35
6083,21
6084,-10
6085,15
6086,20
6087,-3
6088,66
6089,36
6090,53
6091,26
6092,12
6093,26
6094,22
6095,36
6096,70
6097,20
6098,17
6099,26
6100,4
6101,-12
6102,8
6103,38
6104,-6
6105,51
6106,48
6107,37
6108,26
6109,13
6110,25
6111,42
6112,55
6113,6
6114,32
6115,31
6116,37
6117,31
6118,-2
6119,14
6120,48
6121,8
6122,8
6123,23
6124,54
6125,41
6126,46
6127,33
6128,46
6129,24
6130,18
6131,17
6132,20
6133,21
6134,37
6135,43
6136,41
6137,28
6138,33
6139,14
6140,41
6141,32
6142,37
6143,25
6144,37
6145,46
6146,35
6147,32
6148,23
6149,-35
6150,36
6151,57
6152,45
6153,55
6154,30
6155,29
6156,52
6157,14
6158,58
6159,10
6160,44
6161,7
6162,43
6163,50
6164,16
6165,55
6166,45
6167,17
6168,58
6169,48
6170,15
6171,51
6172,20
6173,20
6174,51
6175,50
6176,20
6177,36
6178,42
6179,27
6180,22
6181,50
6182,-9
6183,40
6184,5
6185,10
6186,17
6187,47
6188,50
6189,10
6190,29
6191,6
6192,50
6193,34
6194,32
6195,37
6196,33
6197,14
6198,45
6199,64
6200,38
6201,50
6202,7
6203,55
6204,23
6205,8
6206,3
6207,32
6208,27
6209,27
6210,58
6211,32
6212,17
6213,20
6214,24
6215,20
6216,52
6217,25
6218,46
6219,40
6220,16
6221,30
6222,14
6223,44
6224,24
6225,41
6226,46
6227,14
6228,41
6229,26
6230,12
6231,13
6232,27
6233,48
6234,53
6235,46
6236,33
6237,32
6238,52
6239,25
6240,-4
6241,15
6242,54
6243,50
6244,45
6245,46
6246,-2
6247,28
6248,37
6249,2
6250,20
6251,18
6252,42
6253,34
6254,-9
6255,14
6256,25
6257,31
6258,25
6259,52
6260,25
6261,-23
6262,11
6263,23
6264,8
6265,15
6266,16
6267,25
6268,41
6269,44
6270,15
6271,29
6272,21
6273,22
6274,-2
6275,34
6276,26
6277,26
6278,34
6279,7
6280,10
6281,43
6282,62
6283,45
6284,20
6285,27
6286,70
6287,15
6288,24
6289,-36
6290,26
6291,57
6292,12
6293,24
6294,35
6295,8
6296,28
6297,50
6298,23
6299,20
6300,26
6301,48
6302,9
6303,22
6304,51
6305,42
6306,20
6307,22
6308,23
6309,64
6310,3
6311,15
6312,32
6313,46
6314,38
6315,47
6316,5
6317,25
6318,17
6319,32
6320,27
6321,43
6322,12
6323,-4
6324,20
6325,25
6326,37
6327,7
6328,10
6329,27
6330,44
6331,20
6332,44
6333,34
6334,26
6335,30
6336,32
6337,17
6338,60
6339,47
6340,42
6341,32
6342,0
6343,31
6344,44
6345,24
6346,25
6347,55
6348,47
6349,18
6350,33
6351,37
6352,22
6353,5
6354,53
6355,50
6356,30
6357,10
6358,27
6359,26
6360,6
6361,44
6362,1
6363,36
6364,50
6365,8
6366,10
6367,21
6368,34
6369,47
6370,-19
6371,4
6372,24
6373,10
6374,40
6375,43
6376,40
6377,21
6378,22
6379,37
6380,47
6381,21
6382,15
6383,62
6384,63
6385,27
6386,24
6387,4
6388,37
6389,51
6390,5
6391,44
6392,57
6393,37
6394,3
6395,35
6396,44
6397,14
6398,36
6399,26
6400,12
6401,-6
6402,45
6403,33
6404,18
6405,20
6406,21
6407,37
6408,-4
6409,-4
6410,54
6411,35
6412,26
6413,28
6414,9
6415,22
6416,33
6417,32
6418,41
6419,18
6420,-4
6421,0
6422,-19
6423,44
6424,48
6425,10
6426,66
6427,31
6428,22
6429,3
6430,17
6431,62
6432,47
6433,54
6434,46
6435,11
6436,10
6437,-15
6438,36
6439,17
6440,32
6441,28
6442,42
6443,26
6444,34
6445,35
6446,32
6447,51
6448,48
6449,18
6450,26
6451,65
6452,14
6453,43
6454,28
6455,65
6456,29
6457,23
6458,50
6459,26
6460,46
6461,14
6462,36
6463,28
6464,20
6465,37
6466,30
6467,72
6468,26
6469,27
6470,32
6471,26
6472,9
6473,33
6474,32
6475,50
6476,32
6477,0
6478,28
6479,9
6480,33
6481,11
6482,31
6483,5
6484,20
6485,37
6486,25
6487,18
6488,10
6489,6
6490,17
6491,44
6492,53
6493,8
6494,15
6495,30
6496,42
6497,31
6498,2
6499,3
6500,21
6501,44
6502,23
6503,11
6504,50
6505,32
6506,12
6507,3
6508,33
6509,51
6510,30
6511,36
6512,16
6513,69
6514,38
6515,41
6516,44
6517,-13
6518,49
6519,32
6520,34
6521,26
6522,38
6523,32
6524,24
6525,41
6526,6
6527,37
6528,36
6529,54
6530,37
6531,37
6532,-8
6533,20
6534,62
6535,12
6536,65
6537,32
6538,32
6539,32
6540,27
6541,25
6542,45
6543,54
6544,44
6545,14
6546,15
6547,23
6548,34
6549,28
6550,7
6551,20
6552,33
6553,38
6554,25
6555,4
6556,6
6557,54
6558,34
6559,53
6560,45
6561,1
6562,56
6563,20
6564,14
6565,15
6566,40
6567,24
6568,17
6569,51
6570,23
6571,33
6572,-4
6573,10
6574,-16
6575,22
6576,45
6577,28
6578,45
6579,24
6580,28
6581,45
6582,41
6583,35
6584,35
6585,12
6586,9
6587,28
6588,3
6589,-2
6590,64
6591,5
6592,47
6593,29
6594,3
6595,22
6596,45
6597,7
6598,26
6599,29
6600,-16
6601,36
6602,37
6603,18
6604,14
6605,13
6606,44
6607,1
6608,28
6609,48
6610,44
6611,35
6612,-5
6613,22
6614,14
6615,15
6616,35
6617,51
6618,14
6619,14
6620,70
6621,21
6622,24
6623,26
6624,15
6625,50
6626,55
6627,68
6628,26
6629,21
6630,16
6631,15
6632,32
6633,48
6634,25
6635,43
6636,47
6637,22
6638,36
6639,17
6640,27
6641,26
6642,47
6643,30
6644,33
6645,50
6646,65
6647,45
6648,25
6649,23
6650,17
6651,29
6652,-5
6653,3
6654,38
6655,14
6656,36
6657,21
6658,44
6659,49
6660,65
6661,30
6662,49
6663,35
6664,51
6665,2
6666,23
6667,21
6668,32
6669,17
6670,8
6671,49
6672,29
6673,0
6674,24
6675,13
6676,1
6677,38
6678,36
6679,44
6680,-9
6681,32
6682,29
6683,27
6684,34
6685,26
6686,31
6687,6
6688,7
6689,53
6690,33
6691,27
6692,30
6693,35
6694,12
6695,15
6696,-5
6697,-2
6698,32
6699,46
6700,29
6701,9
6702,10
6703,47
6704,56
6705,11
6706,28
6707,32
6708,32
6709,22
6710,14
6711,40
6712,32
6713,14
6714,2
6715,60
6716,21
6717,16
6718,45
6719,8
6720,31
6721,27
6722,3
6723,33
6724,53
6725,43
6726,45
6727,15
6728,44
6729,42
6730,33
6731,33
6732,22
6733,29
6734,22
6735,44
6736,16
6737,64
6738,24
6739,10
6740,38
6741,-10
6742,27
6743,73
6744,36
6745,10
6746,44
6747,12
6748,0
6749,20
6750,33
6751,26
6752,20
6753,-6
6754,17
6755,37
6756,5
6757,22
6758,57
6759,16
6760,44
6761,4
6762,52
6763,47
6764,37
6765,-2
6766,32
6767,32
6768,13
6769,35
6770,0
6771,34
6772,47
6773,36
6774,3
6775,13
6776,-2
6777,44
6778,56
6779,42
6780,48
6781,30
6782,14
6783,-5
6784,8
6785,41
6786,32
6787,53
6788,17
6789,15
6790,-10
6791,42
6792,5
6793,-4
6794,-6
6795,37
6796,29
6797,11
6798,57
6799,43
6800,21
6801,62
6802,9
6803,9
6804,35
6805,38
6806,21
6807,49
6808,17
6809,26
6810,28
6811,30
6812,35
6813,54
6814,21
6815,29
6816,7
6817,-11
6818,33
6819,32
6820,7
6821,21
6822,18
6823,7
6824,20
6825,15
6826,13
6827,35
6828,32
6829,44
6830,10
6831,34
6832,27
6833,24
6834,16
6835,33
6836,27
6837,34
6838,53
6839,2
6840,45
6841,34
6842,41
6843,15
6844,21
6845,25
6846,-14
6847,23
6848,20
6849,13
6850,34
6851,15
6852,14
6853,50
6854,47
6855,20
6856,27
6857,40
6858,8
6859,35
6860,29
6861,6
6862,44
6863,23
6864,31
6865,10
6866,32
6867,32
6868,31
6869,8
6870,32
6871,26
6872,30
6873,43
6874,22
6875,9
6876,34
6877,14
6878,29
6879,27
6880,-10
6881,41
6882,11
6883,10
6884,44
6885,32
6886,34
6887,28
6888,23
6889,4
6890,44
6891,40
6892,20
6893,23
6894,47
6895,26
6896,27
6897,58
6898,47
6899,-17
6900,7
6901,-5
6902,9
6903,6
6904,31
6905,0
6906,4
6907,30
6908,0
6909,2
6910,7
6911,2
6912,11
6913,14
6914,14
6915,22
6916,62
6917,28
6918,2
6919,-9
6920,24
6921,38
6922,20
6923,14
6924,35
6925,49
6926,44
6927,32
6928,32
6929,20
6930,21
6931,49
6932,29
6933,44
6934,10
6935,32
6936,40
6937,33
6938,62
6939,22
6940,18
6941,3
6942,38
6943,-13
6944,-3
6945,21
6946,-4
6947,32
6948,-4
6949,63
6950,11
6951,53
6952,17
6953,3
6954,42
6955,28
6956,16
6957,0
6958,31
6959,44
6960,20
6961,14
6962,14
6963,25
6964,37
6965,2
6966,29
6967,29
6968,63
6969,6
6970,20
6971,8
6972,37
6973,24
6974,41
6975,24
6976,37
6977,27
6978,51
6979,8
6980,17
6981,51
6982,35
6983,32
6984,38
6985,42
6986,15
6987,25
6988,38
6989,38
6990,20
6991,16
6992,37
6993,-27
6994,-11
6995,43
6996,21
6997,27
6998,11
6999,20
7000,-13
7001,18
7002,-8
7003,24
7004,16
7005,26
7006,38
7007,-5
7008,32
7009,36
7010,25
7011,-5
7012,36
7013,-8
7014,25
7015,57
7016,30
7017,50
7018,30
7019,21
7020,42
7021,30
7022,35
7023,51
7024,35
7025,32
7026,36
7027,35
7028,40
7029,22
7030,21
7031,9
7032,31
7033,14
7034,35
7035,21
7036,14
7037,-5
7038,12
7039,18
7040,15
7041,34
7042,25
7043,29
7044,20
7045,31
7046,13
7047,8
7048,36
7049,8
7050,31
7051,31
7052,50
7053,26
7054,22
7055,16
7056,7
7057,15
7058,26
7059,27
7060,29
7061,22
7062,37
7063,27
7064,20
7065,32
7066,3
7067,32
7068,46
7069,28
7070,15
7071,26
7072,2
7073,23
7074,34
7075,-16
7076,8
7077,43
7078,29
7079,42
7080,29
7081,17
7082,14
7083,16
7084,0
7085,15
7086,15
7087,31
7088,28
7089,29
7090,20
7091,14
7092,48
7093,38
7094,36
7095,8
7096,37
7097,8
7098,15
7099,-9
7100,41
7101,8
7102,25
7103,60
7104,10
7105,44
7106,35
7107,50
7108,30
7109,16
7110,53
7111,40
7112,8
7113,33
7114,34
7115,23
7116,-7
7117,33
7118,25
7119,17
7120,32
7121,23
7122,26
7123,55
7124,25
7125,31
7126,29
7127,25
7128,15
7129,6
7130,24
7131,15
7132,49
7133,20
7134,32
7135,24
7136,46
7137,32
7138,10
7139,14
7140,31
7141,0
7142,31
7143,24
7144,13
7145,32
7146,29
7147,14
7148,27
7149,1
7150,24
7151,7
7152,42
7153,23
7154,29
7155,48
7156,14
7157,32
7158,64
7159,34
7160,42
7161,18
7162,33
7163,9
7164,29
7165,26
7166,-4
7167,46
7168,-2
7169,44
7170,61
7171,23
7172,23
7173,21
7174,-10
7175,13
7176,28
7177,5
7178,26
7179,27
7180,12
7181,38
7182,-3
7183,36
7184,36
7185,29
7186,14
7187,32
7188,10
7189,33
7190,16
7191,25
7192,17
7193,32
7194,2
7195,8
7196,32
7197,22
7198,12
7199,20
7200,20
7201,25
7202,22
7203,32
7204,30
7205,22
7206,-8
7207,3
7208,29
7209,23
7210,-7
7211,7
7212,17
7213,33
7214,22
7215,25
7216,11
7217,43
7218,37
7219,26
7220,41
7221,44
7222,34
7223,7
7224,-14
7225,17
7226,54
7227,17
7228,44
7229,44
7230,17
7231,32
7232,12
7233,14
7234,17
7235,31
7236,-9
7237,12
7238,24
7239,28
7240,71
7241,37
7242,22
7243,53
7244,23
7245,38
7246,33
7247,-4
7248,49
7249,46
7250,26
7251,20
7252,14
7253,22
7254,18
7255,35
7256,45
7257,-13
7258,36
7259,37
7260,47
7261,26
7262,24
7263,41
7264,31
7265,14
7266,29
7267,29
7268,20
7269,51
7270,7
7271,28
7272,10
7273,8
7274,26
7275,37
7276,14
7277,22
7278,15
7279,4
7280,22
7281,-12
7282,24
7283,50
7284,25
7285,48
7286,-7
7287,17
7288,37
7289,26
7290,26
7291,52
7292,41
7293,-25
7294,8
7295,9
7296,26
7297,20
7298,24
7299,14
7300,27
7301,42
7302,7
7303,-6
7304,26
7305,25
7306,26
7307,45
7308,27
7309,5
7310,13
7311,31
7312,29
7313,-5
7314,35
7315,44
7316,40
7317,-10
7318,-6
7319,38
7320,40
7321,15
7322,28
7323,37
7324,37
7325,-10
7326,38
7327,30
7328,60
7329,13
7330,37
7331,41
7332,33
7333,30
7334,32
7335,37
7336,44
7337,20
7338,9
7339,25
7340,22
7341,46
7342,36
7343,43
7344,38
7345,8
7346,22
7347,42
7348,20
7349,62
7350,-2
7351,8
7352,35
7353,53
7354,42
7355,15
7356,37
7357,45
7358,44
7359,11
7360,15
7361,3
7362,33
7363,24
7364,24
7365,11
7366,45
7367,53
7368,38
7369,32
7370,-10
7371,26
7372,7
7373,22
7374,37
7375,2
7376,32
7377,15
7378,21
7379,28
7380,13
7381,41
7382,28
7383,10
7384,66
7385,21
7386,43
7387,35
7388,17
7389,38
7390,73
7391,16
7392,40
7393,0
7394,24
7395,25
7396,8
7397,55
7398,8
7399,12
7400,25
7401,55
7402,32
7403,55
7404,24
7405,30
7406,13
7407,55
7408,0
7409,26
7410,29
7411,6
7412,21
7413,7
7414,40
7415,23
7416,42
7417,17
7418,33
7419,35
7420,36
7421,20
7422,47
7423,22
7424,30
7425,27
7426,31
7427,44
7428,35
7429,2
7430,29
7431,44
7432,9
7433,1
7434,18
7435,46
7436,27
7437,34
7438,40
7439,33
7440,20
7441,24
7442,14
7443,8
7444,14
7445,41
7446,50
7447,26
7448,17
7449,18
7450,53
7451,6
7452,37
7453,26
7454,10
7455,44
7456,8
7457,44
7458,14
7459,23
7460,55
7461,22
7462,37
7463,56
7464,38
7465,27
7466,37
7467,49
7468,35
7469,26
7470,22
7471,7
7472,34
7473,56
7474,46
7475,54
7476,40
7477,30
7478,42
7479,14
7480,12
7481,29
7482,5
7483,10
7484,36
7485,-4
7486,27
7487,32
7488,37
7489,28
7490,22
7491,20
7492,6
7493,28
7494,57
7495,-6
7496,34
7497,24
7498,14
7499,21
7500,2
7501,21
7502,22
7503,37
7504,28
7505,46
7506,32
7507,5
7508,0
7509,53
7510,31
7511,46
7512,11
7513,37
7514,37
7515,15
7516,28
7517,27
7518,35
7519,13
7520,16
7521,1
7522,44
7523,22
7524,49
7525,26
7526,18
7527,37
7528,21
7529,17
7530,43
7531,17
7532,25
7533,47
7534,10
7535,13
7536,2
7537,28
7538,32
7539,13
7540,18
7541,20
7542,60
7543,15
7544,0
7545,54
7546,31
7547,46
7548,-25
7549,-13
7550,11
7551,37
7552,21
7553,11
7554,29
7555,10
7556,-6
7557,26
7558,56
7559,35
7560,32
7561,16
7562,31
7563,24
7564,20
7565,29
7566,30
7567,15
7568,18
7569,43
7570,66
7571,16
7572,26
7573,25
7574,36
7575,7
7576,35
7577,-3
7578,44
7579,34
7580,30
7581,41
7582,29
7583,20
7584,32
7585,7
7586,12
7587,14
7588,48
7589,8
7590,40
7591,3
7592,56
7593,34
7594,23
7595,20
7596,44
7597,-2
7598,28
7599,14
7600,26
7601,11
7602,48
7603,15
7604,25
7605,40
7606,36
7607,15
7608,26
7609,22
7610,45
7611,43
7612,24
7613,12
7614,29
7615,27
7616,21
7617,23
7618,31
7619,8
7620,32
7621,14
7622,42
7623,40
7624,20
7625,28
7626,18
7627,43
7628,25
7629,36
7630,48
7631,30
7632,8
7633,32
7634,26
7635,26
7636,27
7637,46
7638,-8
7639,49
7640,49
7641,6
7642,44
7643,50
7644,44
7645,45
7646,51
7647,32
7648,45
7649,30
7650,55
7651,49
7652,37
7653,36
7654,52
7655,22
7656,3
7657,20
7658,26
7659,1
7660,44
7661,26
7662,20
7663,-15
7664,31
7665,47
7666,10
7667,29
7668,32
7669,37
7670,38
7671,8
7672,32
7673,24
7674,21
7675,33
7676,32
7677,34
7678,32
7679,31
7680,45
7681,14
7682,42
7683,10
7684,2
7685,50
7686,29
7687,32
7688,48
7689,41
7690,10
7691,60
7692,63
7693,35
7694,22
7695,26
7696,40
7697,17
7698,6
7699,37
7700,48
7701,31
7702,24
7703,34
7704,42
7705,37
7706,80
7707,18
7708,-6
7709,26
7710,33
7711,25
7712,14
7713,37
7714,26
7715,27
7716,32
7717,44
7718,20
7719,14
7720,9
7721,30
7722,-3
7723,26
7724,26
7725,52
7726,18
7727,14
7728,18
7729,2
7730,42
7731,35
7732,34
7733,20
7734,18
7735,42
7736,21
7737,14
7738,31
7739,20
7740,42
7741,-7
7742,37
7743,14
7744,26
7745,44
7746,17
7747,8
7748,28
7749,20
7750,22
7751,28
7752,55
7753,61
7754,12
7755,27
7756,40
7757,8
7758,16
7759,26
7760,28
7761,29
7762,-5
7763,20
7764,10
7765,7
7766,7
7767,17
7768,24
7769,14
7770,24
7771,51
7772,23
7773,53
7774,38
7775,-3
7776,35
7777,-10
7778,35
7779,27
7780,32
7781,23
7782,41
7783,20
7784,17
7785,34
7786,0
7787,0
7788,57
7789,16
7790,14
7791,-3
7792,17
7793,13
7794,21
7795,32
7796,46
7797,16
7798,23
7799,22
7800,8
7801,-10
7802,68
7803,47
7804,64
7805,32
7806,29
7807,86
7808,50
7809,32
7810,42
7811,16
7812,18
7813,14
7814,50
7815,55
7816,35
7817,24
7818,30
7819,17
7820,4
7821,35
7822,17
7823,44
7824,20
7825,9
7826,21
7827,4
7828,4
7829,29
7830,44
7831,24
7832,-6
7833,34
7834,45
7835,43
7836,10
7837,31
7838,44
7839,22
7840,-15
7841,32
7842,37
7843,27
7844,17
7845,26
7846,22
7847,46
7848,6
7849,32
7850,42
7851,48
7852,30
7853,46
7854,35
7855,45
7856,45
7857,26
7858,67
7859,41
7860,42
7861,33
7862,58
7863,36
7864,46
7865,37
7866,42
7867,34
7868,53
7869,16
7870,29
7871,41
7872,25
7873,25
7874,22
7875,2
7876,6
7877,69
7878,-11
7879,16
7880,24
7881,29
7882,5
7883,26
7884,20
7885,47
7886,35
7887,37
7888,14
7889,21
7890,44
7891,42
7892,17
7893,50
7894,17
7895,3
7896,20
7897,18
7898,48
7899,32
7900,4
7901,38
7902,44
7903,14
7904,5
7905,8
7906,26
7907,21
7908,40
7909,2
7910,9
7911,4
7912,16
7913,37
7914,-4
7915,27
7916,21
7917,31
7918,10
7919,4
7920,48
7921,30
7922,20
7923,16
7924,26
7925,42
7926,14
7927,14
7928,25
7929,51
7930,37
7931,41
7932,4
7933,12
7934,13
7935,2
7936,41
7937,28
7938,14
7939,38
7940,43
7941,22
7942,35
7943,18
7944,50
7945,-8
7946,27
7947,-4
7948,21
7949,37
7950,-4
7951,22
7952,20
7953,40
7954,14
7955,5
7956,14
7957,49
7958,29
7959,32
7960,37
7961,11
7962,-4
7963,22
7964,34
7965,-3
7966,37
7967,11
7968,13
7969,35
7970,15
7971,4
7972,21
7973,-8
7974,11
7975,69
7976,-18
7977,17
7978,9
7979,17
7980,9
7981,27
7982,34
7983,49
7984,27
7985,14
7986,50
7987,35
7988,38
7989,26
7990,4
7991,20
7992,40
7993,24
7994,22
7995,23
7996,47
7997,32
7998,32
7999,23
8000,28
8001,42
8002,26
8003,34
8004,40
8005,-3
8006,26
8007,33
8008,50
8009,46
8010,13
8011,2
8012,53
8013,48
8014,18
8015,28
8016,40
8017,61
8018,-7
8019,5
8020,46
8021,32
8022,30
8023,14
8024,37
8025,16
8026,43
8027,46
8028,15
8029,32
8030,12
8031,53
8032,30
8033,20
8034,7
8035,27
8036,38
8037,13
8038,15
8039,49
8040,10
8041,0
8042,0
8043,28
8044,14
8045,26
8046,22
8047,37
8048,24
8049,37
8050,37
8051,37
8052,1
8053,35
8054,14
8055,13
8056,34
8057,35
8058,43
8059,46
8060,21
8061,14
8062,-10
8063,20
8064,15
8065,63
8066,7
8067,48
8068,17
8069,7
8070,29
8071,14
8072,42
8073,10
8074,40
8075,23
8076,48
8077,53
8078,57
8079,28
8080,40
8081,25
8082,10
8083,26
8084,7
8085,24
8086,38
8087,30
8088,35
8089,70
8090,68
8091,34
8092,5
8093,-4
8094,41
8095,40
8096,29
8097,7
8098,41
8099,53
8100,58
8101,43
8102,44
8103,-12
8104,28
8105,35
8106,8
8107,11
8108,42
8109,-22
8110,40
8111,-2
8112,31
8113,16
8114,62
8115,29
8116,26
8117,9
8118,54
8119,22
8120,0
8121,22
8122,5
8123,13
8124,25
8125,37
8126,32
8127,43
8128,40
8129,45
8130,16
8131,14
8132,11
8133,12
8134,44
8135,-17
8136,24
8137,14
8138,32
8139,51
8140,50
8141,40
8142,26
8143,11
8144,46
8145,67
8146,20
8147,15
8148,12
8149,18
8150,2
8151,47
8152,28
8153,35
8154,50
8155,-9
8156,34
8157,10
8158,51
8159,46
8160,25
8161,50
8162,17
8163,8
8164,33
8165,33
8166,28
8167,32
8168,-7
8169,0
8170,-4
8171,56
8172,23
8173,42
8174,20
8175,50
8176,37
8177,28
8178,36
8179,12
8180,3
8181,4
8182,21
8183,1
8184,15
8185,13
8186,74
8187,14
8188,40
8189,20
8190,8
8191,32
8192,16
8193,3
8194,22
8195,33
8196,0
8197,21
8198,-11
8199,29
8200,52
8201,-12
8202,11
8203,55
8204,16
8205,1
8206,6
8207,25
8208,37
8209,30
8210,31
8211,44
8212,33
8213,63
8214,70
8215,33
8216,47
8217,33
8218,14
8219,20
8220,-7
8221,0
8222,-31
8223,25
8224,9
8225,26
8226,27
8227,29
8228,14
8229,26
8230,10
8231,6
8232,13
8233,4
8234,1
8235,32
8236,11
8237,49
8238,-24
8239,45
8240,12
8241,25
8242,14
8243,47
8244,47
8245,6
8246,3
8247,25
8248,-4
8249,18
8250,52
8251,16
8252,11
8253,20
8254,20
8255,17
8256,21
8257,13
8258,58
8259,49
8260,17
8261,7
8262,18
8263,47
8264,43
8265,57
8266,16
8267,21
8268,36
8269,10
8270,24
8271,50
8272,42
8273,28
8274,4
8275,14
8276,29
8277,20
8278,13
8279,26
8280,27
8281,8
8282,26
8283,57
8284,32
8285,26
8286,45
8287,52
8288,23
8289,33
8290,36
8291,25
8292,38
8293,32
8294,51
8295,1
8296,10
8297,24
8298,12
8299,20
8300,49
8301,20
8302,6
8303,29
8304,34
8305,49
8306,24
8307,-2
8308,26
8309,27
8310,30
8311,43
8312,48
8313,20
8314,33
8315,33
8316,37
8317,17
8318,0
8319,30
8320,57
8321,2
8322,45
8323,10
8324,40
8325,34
8326,27
8327,15
8328,54
8329,46
8330,35
8331,31
8332,43
8333,68
8334,70
8335,8
8336,13
8337,17
8338,29
8339,32
8340,41
8341,-13
8342,21
8343,10
8344,-10
8345,22
8346,32
8347,31
8348,10
8349,47
8350,31
8351,33
8352,35
8353,33
8354,33
8355,25
8356,17
8357,46
8358,-4
8359,20
8360,50
8361,13
8362,20
8363,40
8364,18
8365,12
8366,-5
8367,43
8368,42
8369,66
8370,31
8371,22
8372,26
8373,10
8374,48
8375,14
8376,46
8377,16
8378,29
8379,-14
8380,31
8381,38
8382,24
8383,15
8384,33
8385,49
8386,37
8387,17
8388,14
8389,17
8390,-2
8391,30
8392,14
8393,16
8394,17
8395,26
8396,49
8397,17
8398,35
8399,14
8400,8
8401,33
8402,2
8403,30
8404,37
8405,11
8406,32
8407,29
8408,31
8409,16
8410,65
8411,50
8412,57
8413,-21
8414,20
8415,62
8416,17
8417,52
8418,18
8419,29
8420,14
8421,2
8422,27
8423,36
8424,24
8425,2
8426,47
8427,33
8428,3
8429,23
8430,46
8431,23
8432,57
8433,61
8434,-9
8435,25
8436,9
8437,3
8438,31
8439,16
8440,45
8441,20
8442,42
8443,38
8444,30
8445,31
8446,30
8447,-4
8448,32
8449,31
8450,33
8451,13
8452,44
8453,55
8454,22
8455,24
8456,37
8457,37
8458,34
8459,46
8460,28
8461,47
8462,53
8463,27
8464,61
8465,21
8466,38
8467,25
8468,12
8469,34
8470,32
8471,23
8472,23
8473,58
8474,44
8475,2
8476,16
8477,-3
8478,32
8479,30
8480,22
8481,44
8482,57
8483,10
8484,20
8485,18
8486,20
8487,21
8488,44
8489,17
8490,7
8491,47
8492,32
8493,14
8494,47
8495,24
8496,22
8497,24
8498,15
8499,43
8500,37
8501,37
8502,41
8503,44
8504,25
8505,22
8506,27
8507,66
8508,-7
8509,24
8510,6
8511,44
8512,37
8513,29
8514,3
8515,29
8516,46
8517,63
8518,0
8519,20
8520,32
8521,10
8522,17
8523,32
8524,31
8525,31
8526,-4
8527,21
8528,-16
8529,20
8530,-10
8531,37
8532,33
8533,18
8534,20
8535,46
8536,54
8537,5
8538,21
8539,2
8540,32
8541,-4
8542,14
8543,-9
8544,35
8545,30
8546,27
8547,43
8548,18
8549,20
8550,13
8551,7
8552,37
8553,37
8554,10
8555,-4
8556,17
8557,36
8558,12
8559,14
8560,27
8561,15
8562,47
8563,53
8564,26
8565,0
8566,38
8567,27
8568,31
8569,14
8570,52
8571,2
8572,30
8573,20
8574,18
8575,41
8576,27
8577,45
8578,67
8579,24
8580,32
8581,34
8582,62
8583,44
8584,24
8585,8
8586,37
8587,-7
8588,24
8589,5
8590,40
8591,10
8592,21
8593,26
8594,5
8595,42
8596,26
8597,30
8598,12
8599,44
8600,14
8601,-3
8602,34
8603,44
8604,21
8605,32
8606,61
8607,41
8608,37
8609,56
8610,-4
8611,44
8612,31
8613,22
8614,73
8615,27
8616,7
8617,27
8618,34
8619,29
8620,26
8621,25
8622,42
8623,7
8624,38
8625,26
8626,64
8627,32
8628,49
8629,44
8630,26
8631,41
8632,50
8633,18
8634,8
8635,76
8636,37
8637,43
8638,48
8639,53
8640,49
8641,21
8642,62
8643,5
8644,26
8645,17
8646,20
8647,52
8648,38
8649,36
8650,29
8651,50
8652,5
8653,5
8654,51
8655,55
8656,48
8657,42
8658,25
8659,1
8660,-5
8661,55
8662,-4
8663,37
8664,27
8665,6
8666,23
8667,14
8668,68
8669,15
8670,8
8671,37
8672,51
8673,20
8674,22
8675,43
8676,17
8677,25
8678,13
8679,43
8680,2
8681,28
8682,25
8683,49
8684,62
8685,18
8686,44
8687,8
8688,55
8689,51
8690,42
8691,-16
8692,23
8693,44
8694,2
8695,24
8696,33
8697,41
8698,35
8699,9
8700,8
8701,25
8702,30
8703,29
8704,32
8705,8
8706,37
8707,29
8708,38
8709,-7
8710,6
8711,22
8712,36
8713,15
8714,2
8715,41
8716,47
8717,47
8718,4
8719,24
8720,8
8721,65
8722,14
8723,37
8724,44
8725,8
8726,36
8727,54
8728,-4
8729,36
8730,26
8731,37
8732,6
8733,53
8734,35
8735,50
8736,37
8737,27
8738,5
8739,15
8740,17
8741,23
8742,37
8743,50
8744,43
8745,29
8746,10
8747,17
8748,11
8749,7
8750,16
8751,7
8752,49
8753,27
8754,62
8755,34
8756,8
8757,46
8758,35
8759,22
8760,26
8761,18
8762,46
8763,30
8764,44
8765,23
8766,48
8767,18
8768,34
8769,14
8770,51
8771,13
8772,21
8773,24
8774,9
8775,23
8776,28
8777,15
8778,25
8779,3
8780,17
8781,33
8782,44
8783,1
8784,31
8785,57
8786,29
8787,21
8788,18
8789,23
8790,44
8791,43
8792,26
8793,35
8794,24
8795,25
8796,14
8797,51
8798,32
8799,28
8800,25
8801,35
8802,37
8803,68
8804,14
8805,20
8806,10
8807,48
8808,-9
8809,3
8810,31
8811,26
8812,26
8813,38
8814,37
8815,31
8816,21
8817,49
8818,43
8819,15
8820,30
8821,56
8822,35
8823,21
8824,6
8825,26
8826,37
8827,30
8828,49
8829,71
8830,31
8831,8
8832,23
8833,30
8834,35
8835,46
8836,34
8837,37
8838,38
8839,45
8840,32
8841,25
8842,52
8843,15
8844,30
8845,14
8846,8
8847,5
8848,10
8849,40
8850,44
8851,27
8852,37
8853,32
8854,0
8855,13
8856,37
8857,44
8858,20
8859,37
8860,7
8861,33
8862,26
8863,24
8864,54
8865,43
8866,26
8867,48
8868,55
8869,32
8870,50
8871,36
8872,26
8873,25
8874,32
8875,26
8876,25
8877,43
8878,-4
8879,66
8880,18
8881,17
8882,9
8883,32
8884,3
8885,36
8886,-2
8887,51
8888,17
8889,51
8890,10
8891,36
8892,32
8893,32
8894,29
8895,29
8896,47
8897,37
8898,29
8899,44
8900,17
8901,40
8902,-15
8903,9
8904,8
8905,32
8906,46
8907,21
8908,32
8909,2
8910,49
8911,48
8912,24
8913,12
8914,27
8915,27
8916,26
8917,8
8918,15
8919,25
8920,25
8921,43
8922,52
8923,11
8924,60
8925,50
8926,30
8927,68
8928,52
8929,28
8930,2
8931,5
8932,44
8933,15
8934,-4
8935,28
8936,41
8937,30
8938,20
8939,44
8940,42
8941,53
8942,21
8943,42
8944,-4
8945,22
8946,1
8947,26
8948,32
8949,17
8950,49
8951,32
8952,-4
8953,20
8954,35
8955,38
8956,17
8957,45
8958,21
8959,36
8960,8
8961,20
8962,-4
8963,16
8964,31
8965,-5
8966,14
8967,16
8968,35
8969,44
8970,14
8971,41
8972,34
8973,52
8974,37
8975,43
8976,44
8977,32
8978,40
8979,21
8980,49
8981,26
8982,34
8983,50
8984,35
8985,20
8986,62
8987,14
8988,14
8989,56
8990,50
8991,37
8992,2
8993,37
8994,24
8995,32
8996,12
8997,11
8998,6
8999,20
9000,28
9001,43
9002,34
9003,41
9004,44
9005,38
9006,23
9007,-12
9008,26
9009,9
9010,23
9011,4
9012,0
9013,31
9014,6
9015,27
9016,37
9017,70
9018,42
9019,47
9020,5
9021,9
9022,29
9023,38
9024,37
9025,50
9026,67
9027,20
9028,32
9029,10
9030,28
9031,54
9032,41
9033,50
9034,28
9035,49
9036,15
9037,44
9038,21
9039,58
9040,6
9041,9
9042,32
9043,14
9044,13
9045,58
9046,50
9047,2
9048,24
9049,53
9050,33
9051,24
9052,11
9053,47
9054,29
9055,44
9056,-5
9057,-4
9058,35
9059,53
9060,22
9061,8
9062,8
9063,42
9064,51
9065,11
9066,14
9067,-4
9068,15
9069,68
9070,-12
9071,44
9072,43
9073,46
9074,57
9075,6
9076,26
9077,-4
9078,47
9079,-6
9080,14
9081,32
9082,20
9083,20
9084,45
9085,37
9086,0
9087,26
9088,5
9089,25
9090,27
9091,16
9092,29
9093,38
9094,4
9095,9
9096,40
9097,20
9098,68
9099,27
9100,15
9101,35
9102,14
9103,66
9104,13
9105,27
9106,3
9107,32
9108,50
9109,18
9110,36
9111,15
9112,8
9113,57
9114,30
9115,24
9116,49
9117,24
9118,-10
9119,23
9120,45
9121,11
9122,36
9123,42
9124,18
9125,28
9126,12
9127,-8
9128,54
9129,42
9130,30
9131,16
9132,28
9133,32
9134,26
9135,47
9136,22
9137,13
9138,36
9139,30
9140,6
9141,-3
9142,17
9143,27
9144,27
9145,-7
9146,32
9147,26
9148,34
9149,5
9150,37
9151,3
9152,33
9153,1
9154,26
9155,46
9156,38
9157,34
9158,17
9159,-8
9160,2
9161,58
9162,27
9163,32
9164,20
9165,20
9166,8
9167,12
9168,47
9169,29
9170,14
9171,42
9172,26
9173,38
9174,53
9175,33
9176,5
9177,44
9178,28
9179,-7
9180,28
9181,9
9182,26
9183,38
9184,21
9185,43
9186,20
9187,1
9188,55
9189,46
9190,41
9191,4
9192,37
9193,20
9194,20
9195,5
9196,44
9197,40
9198,30
9199,2
9200,37
9201,20
9202,28
9203,44
9204,7
9205,20
9206,41
9207,32
9208,42
9209,21
9210,42
9211,14
9212,5
9213,-9
9214,35
9215,20
9216,24
9217,30
9218,48
9219,20
9220,20
9221,2
9222,17
9223,2
9224,9
9225,10
9226,1
9227,22
9228,36
9229,-6
9230,0
9231,3
9232,37
9233,12
9234,60
9235,33
9236,51
9237,37
9238,16
9239,18
9240,4
9241,26
9242,14
9243,28
9244,46
9245,-5
9246,56
9247,22
9248,-4
9249,30
9250,20
9251,36
9252,55
9253,20
9254,25
9255,27
9256,56
9257,42
9258,29
9259,33
9260,46
9261,20
9262,17
9263,28
9264,21
9265,9
9266,-10
9267,22
9268,25
9269,-15
9270,23
9271,40
9272,45
9273,8
9274,9
9275,36
9276,-13
9277,18
9278,46
9279,44
9280,7
9281,3
9282,34
9283,20
9284,1
9285,53
9286,8
9287,36
9288,42
9289,46
9290,-16
9291,30
9292,27
9293,-2
9294,28
9295,29
9296,46
9297,26
9298,41
9299,20
9300,28
9301,29
9302,46
9303,55
9304,33
9305,50
9306,7
9307,27
9308,54
9309,2
9310,10
9311,22
9312,16
9313,33
9314,54
9315,63
9316,13
9317,40
9318,28
9319,32
9320,14
9321,12
9322,36
9323,24
9324,32
9325,31
9326,-16
9327,27
9328,27
9329,16
9330,49
9331,41
9332,35
9333,28
9334,36
9335,18
9336,28
9337,36
9338,9
9339,10
9340,47
9341,21
9342,30
9343,13
9344,50
9345,15
9346,10
9347,16
9348,21
9349,48
9350,42
9351,35
9352,27
9353,35
9354,23
9355,1
9356,37
9357,23
9358,3
9359,23
9360,22
9361,27
9362,55
9363,12
9364,8
9365,13
9366,10
9367,17
9368,38
9369,26
9370,8
9371,5
9372,33
9373,12
9374,25
9375,14
9376,41
9377,32
9378,38
9379,-9
9380,50
9381,26
9382,8
9383,28
9384,41
9385,0
9386,28
9387,49
9388,50
9389,18
9390,16
9391,8
9392,28
9393,53
9394,32
9395,37
9396,47
9397,11
9398,25
9399,8
9400,41
9401,42
9402,26
9403,54
9404,22
9405,26
9406,54
9407,15
9408,37
9409,30
9410,43
9411,35
9412,33
9413,20
9414,31
9415,30
9416,30
9417,14
9418,29
9419,45
9420,6
9421,42
9422,32
9423,32
9424,55
9425,41
9426,3
9427,5
9428,8
9429,62
9430,34
9431,29
9432,37
9433,60
9434,25
9435,49
9436,29
9437,26
9438,-16
9439,36
9440,49
9441,55
9442,35
9443,32
9444,14
9445,-4
9446,16
9447,45
9448,47
9449,67
9450,36
9451,61
9452,24
9453,14
9454,41
9455,54
9456,57
9457,32
9458,43
9459,68
9460,30
9461,29
9462,4
9463,5
9464,17
9465,35
9466,37
9467,38
9468,65
9469,38
9470,4
9471,30
9472,48
9473,43
9474,20
9475,40
9476,28
9477,36
9478,28
9479,13
9480,50
9481,3
9482,-4
9483,30
9484,26
9485,14
9486,46
9487,28
9488,24
9489,20
9490,26
9491,-5
9492,8
9493,29
9494,-3
9495,-3
9496,36
9497,40
9498,24
9499,35
9500,5
9501,26
9502,8
9503,26
9504,17
9505,41
9506,54
9507,26
9508,24
9509,23
9510,-3
9511,32
9512,28
9513,30
9514,53
9515,-5
9516,29
9517,-4
9518,24
9519,30
9520,52
9521,49
9522,18
9523,32
9524,8
9525,-6
9526,11
9527,31
9528,-8
9529,11
9530,22
9531,22
9532,8
9533,14
9534,26
9535,43
9536,26
9537,50
9538,52
9539,40
9540,14
9541,55
9542,68
9543,3
9544,7
9545,47
9546,44
9547,15
9548,7
9549,1
9550,26
9551,7
9552,11
9553,69
9554,-13
9555,62
9556,14
9557,20
9558,14
9559,30
9560,41
9561,20
9562,26
9563,28
9564,2
9565,24
9566,36
9567,-9
9568,20
9569,15
9570,22
9571,36
9572,44
9573,13
9574,44
9575,37
9576,26
9577,20
9578,21
9579,8
9580,68
9581,-7
9582,62
9583,21
9584,34
9585,5
9586,31
9587,38
9588,13
9589,1
9590,43
9591,14
9592,36
9593,33
9594,47
9595,-2
9596,1
9597,20
9598,20
9599,10
9600,-12
9601,68
9602,5
9603,20
9604,15
9605,10
9606,30
9607,32
9608,15
9609,30
9610,33
9611,35
9612,8
9613,40
9614,26
9615,20
9616,20
9617,42
9618,44
9619,15
9620,22
9621,30
9622,50
9623,31
9624,30
9625,21
9626,34
9627,46
9628,46
9629,49
9630,50
9631,-2
9632,50
9633,26
9634,20
9635,29
9636,14
9637,23
9638,34
9639,36
9640,51
9641,38
9642,15
9643,17
9644,27
9645,24
9646,8
9647,16
9648,33
9649,14
9650,14
9651,65
9652,55
9653,1
9654,37
9655,43
9656,42
9657,25
9658,46
9659,56
9660,37
9661,36
9662,31
9663,20
9664,26
9665,-4
9666,34
9667,29
9668,29
9669,52
9670,44
9671,20
9672,15
9673,29
9674,46
9675,30
9676,2
9677,32
9678,18
9679,32
9680,76
9681,48
9682,34
9683,-9
9684,7
9685,34
9686,23
9687,20
9688,-5
9689,52
9690,36
9691,26
9692,44
9693,31
9694,46
9695,5
9696,34
9697,31
9698,20
9699,-11
9700,-19
9701,38
9702,38
9703,40
9704,26
9705,35
9706,8
9707,37
9708,17
9709,26
9710,49
9711,11
9712,78
9713,20
9714,35
9715,69
9716,21
9717,15
9718,16
9719,26
9720,54
9721,41
9722,28
9723,20
9724,31
9725,43
9726,16
9727,-10
9728,35
9729,34
9730,7
9731,37
9732,24
9733,24
9734,27
9735,10
9736,18
9737,5
9738,31
9739,52
9740,30
9741,28
9742,0
9743,36
9744,31
9745,13
9746,-13
9747,8
9748,33
9749,37
9750,8
9751,33
9752,2
9753,24
9754,29
9755,30
9756,48
9757,28
9758,42
9759,-11
9760,24
9761,35
9762,30
9763,3
9764,30
9765,9
9766,22
9767,21
9768,11
9769,20
9770,36
9771,12
9772,25
9773,21
9774,61
9775,18
9776,23
9777,21
9778,26
9779,7
9780,37
9781,13
9782,1
9783,12
9784,16
9785,18
9786,30
9787,34
9788,29
9789,26
9790,14
9791,32
9792,26
9793,26
9794,31
9795,34
9796,18
9797,51
9798,-4
9799,2
9800,35
9801,10
9802,2
9803,10
9804,34
9805,46
9806,44
9807,25
9808,25
9809,37
9810,25
9811,13
9812,20
9813,15
9814,37
9815,11
9816,15
9817,-10
9818,8
9819,29
9820,20
9821,28
9822,35
9823,13
9824,27
9825,8
9826,25
9827,24
9828,27
9829,18
9830,37
9831,14
9832,20
9833,20
9834,43
9835,20
9836,28
9837,22
9838,14
9839,17
9840,46
9841,25
9842,25
9843,53
9844,7
9845,15
9846,29
9847,18
9848,28
9849,42
9850,34
9851,33
9852,20
9853,53
9854,11
9855,37
9856,18
9857,10
9858,22
9859,6
9860,34
9861,20
9862,14
9863,4
9864,23
9865,32
9866,9
9867,21
9868,22
9869,38
9870,37
9871,48
9872,32
9873,20
9874,5
9875,58
9876,31
9877,53
9878,55
9879,43
9880,18
9881,18
9882,21
9883,5
9884,11
9885,20
9886,43
9887,11
9888,37
9889,32
9890,14
9891,32
9892,16
9893,-19
9894,32
9895,8
9896,28
9897,34
9898,5
9899,25
9900,26
9901,-2
9902,30
9903,25
9904,37
9905,8
9906,17
9907,5
9908,26
9909,8
9910,17
9911,14
9912,-7
9913,46
9914,54
9915,23
9916,29
9917,26
9918,29
9919,47
9920,33
9921,37
9922,-10
9923,25
9924,37
9925,34
9926,49
9927,40
9928,12
9929,33
9930,-11
9931,30
9932,26
9933,-2
9934,16
9935,26
9936,43
9937,31
9938,23
9939,37
9940,51
9941,11
9942,17
9943,3
9944,20
9945,24
9946,34
9947,24
9948,10
9949,32
9950,28
9951,21
9952,12
9953,27
9954,46
9955,38
9956,50
9957,44
9958,13
9959,28
9960,41
9961,12
9962,17
9963,8
9964,22
9965,6
9966,37
9967,21
9968,9
9969,0
9970,24
9971,38
9972,-10
9973,31
9974,47
9975,30
9976,32
9977,30
9978,9
9979,23
9980,43
9981,33
9982,23
9983,-11
9984,37
9985,54
9986,54
9987,27
9988,45
9989,14
9990,37
9991,13
9992,26
9993,16
9994,33
9995,14
9996,15
9997,26
9998,3
9999,12
10000,26
